{
    "bafu_corr": {
        "algorithm": "mrnn",
        "metric_used_for_optimization": "corr",
        "optimization_method": "succesive_halving",
        "best_params": {
            "hidden_dim": 5,
            "learning_rate": 0.05455594781168514,
            "iterations": 65,
            "keep_prob": 1e-06
        },
        "rmse": 0.1641034540278015,
        "mae": 0.10455544631696513,
        "mi": 2.280571898206196,
        "corr": 0.9982746415152185,
        "time_taken": 35.36558961868286
    },
    "bafu_mae": {
        "algorithm": "mrnn",
        "metric_used_for_optimization": "mae",
        "optimization_method": "bayesian_optimization",
        "best_params": {
            "hidden_dim": 7,
            "learning_rate": 0.002745061507763296,
            "iterations": 91,
            "keep_prob": 1.9417716163716384e-05
        },
        "rmse": 0.16605577554789977,
        "mae": 0.1039910990373877,
        "mi": 2.2949389659872743,
        "corr": 0.9982351821506341,
        "time_taken": 38.61916923522949
    },
    "bafu_mi": {
        "algorithm": "mrnn",
        "metric_used_for_optimization": "mi",
        "optimization_method": "succesive_halving",
        "best_params": {
            "hidden_dim": 4,
            "learning_rate": 0.11288378916846883,
            "iterations": 55,
            "keep_prob": 2.1544346900318823e-05
        },
        "rmse": 0.15942848164887607,
        "mae": 0.1003921241100755,
        "mi": 2.2921758229041775,
        "corr": 0.9983868885388787,
        "time_taken": 33.44191908836365
    },
    "bafu_mi_corr": {
        "algorithm": "mrnn",
        "metric_used_for_optimization": "mi_corr",
        "optimization_method": "bayesian_optimization",
        "best_params": {
            "hidden_dim": 0,
            "learning_rate": 0.8752061219071195,
            "iterations": 62,
            "keep_prob": 1.0340717532195197e-06
        },
        "rmse": 0.15905159024261717,
        "mae": 0.09971342045474488,
        "mi": 2.227807052315593,
        "corr": 0.9983885566501106,
        "time_taken": 34.488375186920166
    },
    "bafu_rmse": {
        "algorithm": "mrnn",
        "metric_used_for_optimization": "rmse",
        "optimization_method": "bayesian_optimization",
        "best_params": {
            "hidden_dim": 9,
            "learning_rate": 0.012248349008248848,
            "iterations": 84,
            "keep_prob": 1.150443912032195e-06
        },
        "rmse": 0.1615450672889662,
        "mae": 0.10160737484322634,
        "mi": 2.2551119899399317,
        "corr": 0.9983386558451448,
        "time_taken": 37.81811332702637
    },
    "bafu_rmse_mae": {
        "algorithm": "mrnn",
        "metric_used_for_optimization": "rmse_mae",
        "optimization_method": "bayesian_optimization",
        "best_params": {
            "hidden_dim": 0,
            "learning_rate": 0.4648806791800015,
            "iterations": 19,
            "keep_prob": 4.546128949875599e-05
        },
        "rmse": 0.1608009527844737,
        "mae": 0.09898330752715699,
        "mi": 2.2869338282790883,
        "corr": 0.9983888717663253,
        "time_taken": 28.941589832305908
    },
    "chlorine_corr": {
        "algorithm": "mrnn",
        "metric_used_for_optimization": "corr",
        "optimization_method": "succesive_halving",
        "best_params": {
            "hidden_dim": 4,
            "learning_rate": 7.847599703514606e-05,
            "iterations": 15,
            "keep_prob": 2.1544346900318823e-05
        },
        "rmse": 0.5819891913610086,
        "mae": 0.538965044125071,
        "mi": 0.8384267420705602,
        "corr": 0.32975863596615623,
        "time_taken": 28.219436168670654
    },
    "chlorine_mae": {
        "algorithm": "mrnn",
        "metric_used_for_optimization": "mae",
        "optimization_method": "bayesian_optimization",
        "best_params": {
            "hidden_dim": 4,
            "learning_rate": 0.0017947303316047142,
            "iterations": 44,
            "keep_prob": 1.1749944984462393e-06
        },
        "rmse": 0.6040916989416666,
        "mae": 0.5635973959946988,
        "mi": 0.7784072799869075,
        "corr": 0.3703045615855816,
        "time_taken": 31.790336847305298
    },
    "chlorine_mi": {
        "algorithm": "mrnn",
        "metric_used_for_optimization": "mi",
        "optimization_method": "succesive_halving",
        "best_params": {
            "hidden_dim": 1,
            "learning_rate": 0.00615848211066026,
            "iterations": 30,
            "keep_prob": 4.641588833612782e-06
        },
        "rmse": 0.5981768337824067,
        "mae": 0.5583222244052655,
        "mi": 0.8444999695450846,
        "corr": 0.4124488234817954,
        "time_taken": 29.39747714996338
    },
    "chlorine_mi_corr": {
        "algorithm": "mrnn",
        "metric_used_for_optimization": "mi_corr",
        "optimization_method": "bayesian_optimization",
        "best_params": {
            "hidden_dim": 9,
            "learning_rate": 0.0003413876224797998,
            "iterations": 94,
            "keep_prob": 0.9849751711197006
        },
        "rmse": 0.6522112458987235,
        "mae": 0.6071956344219288,
        "mi": 0.7736582088115562,
        "corr": 0.006092790332766084,
        "time_taken": 38.67964792251587
    },
    "chlorine_rmse": {
        "algorithm": "mrnn",
        "metric_used_for_optimization": "rmse",
        "optimization_method": "bayesian_optimization",
        "best_params": {
            "hidden_dim": 4,
            "learning_rate": 0.0506117156376428,
            "iterations": 38,
            "keep_prob": 0.005200428922939562
        },
        "rmse": 0.6237139496199888,
        "mae": 0.5798104034447921,
        "mi": 0.6965605952080991,
        "corr": 0.22217844383527668,
        "time_taken": 30.798156261444092
    },
    "chlorine_rmse_mae": {
        "algorithm": "mrnn",
        "metric_used_for_optimization": "rmse_mae",
        "optimization_method": "bayesian_optimization",
        "best_params": {
            "hidden_dim": 4,
            "learning_rate": 0.002806855173895185,
            "iterations": 85,
            "keep_prob": 2.0371536595729187e-05
        },
        "rmse": 0.6231284310348413,
        "mae": 0.5781136452843978,
        "mi": 0.7534085818049769,
        "corr": 0.14597279642968106,
        "time_taken": 36.942192792892456
    },
    "climate_corr": {
        "algorithm": "mrnn",
        "metric_used_for_optimization": "corr",
        "optimization_method": "succesive_halving",
        "best_params": {
            "hidden_dim": 7,
            "learning_rate": 1.0,
            "iterations": 95,
            "keep_prob": 1.0
        },
        "rmse": 237.61073257109405,
        "mae": 102.32990531641262,
        "mi": 1.3776290670107691,
        "corr": 0.8923062813031293,
        "time_taken": 38.64899015426636
    },
    "climate_mae": {
        "algorithm": "mrnn",
        "metric_used_for_optimization": "mae",
        "optimization_method": "bayesian_optimization",
        "best_params": {
            "hidden_dim": 6,
            "learning_rate": 3.12955567998516e-05,
            "iterations": 0,
            "keep_prob": 0.6549139389451483
        },
        "rmse": 234.9179650825814,
        "mae": 103.1096409371432,
        "mi": 1.2165985417428975,
        "corr": 0.8947461491726598,
        "time_taken": 25.474615335464478
    },
    "climate_mi": {
        "algorithm": "mrnn",
        "metric_used_for_optimization": "mi",
        "optimization_method": "succesive_halving",
        "best_params": {
            "hidden_dim": 6,
            "learning_rate": 0.11288378916846883,
            "iterations": 25,
            "keep_prob": 1e-06
        },
        "rmse": 308.617805001606,
        "mae": 150.30196978516065,
        "mi": 1.1305280079968782,
        "corr": 0.8202510870574541,
        "time_taken": 29.324134349822998
    },