{
    "bafu_corr": {
        "algorithm": "mrnn",
        "metric_used_for_optimization": "corr",
        "optimization_method": "succesive_halving",
        "best_params": {
            "hidden_dim": 5,
            "learning_rate": 0.05455594781168514,
            "iterations": 65,
            "keep_prob": 1e-06
        },
        "rmse": 0.16107043061814286,
        "mae": 0.10204429702586378,
        "mi": 2.3479717835790685,
        "corr": 0.9983833892347466,
        "time_taken": 34.31017470359802
    },
    "bafu_mae": {
        "algorithm": "mrnn",
        "metric_used_for_optimization": "mae",
        "optimization_method": "bayesian_optimization",
        "best_params": {
            "hidden_dim": 7,
            "learning_rate": 0.002745061507763296,
            "iterations": 91,
            "keep_prob": 1.9417716163716384e-05
        },
        "rmse": 0.1547359606718978,
        "mae": 0.09793381241858076,
        "mi": 2.3289081425300795,
        "corr": 0.9985166870992584,
        "time_taken": 38.265785932540894
    },
    "bafu_mi": {
        "algorithm": "mrnn",
        "metric_used_for_optimization": "mi",
        "optimization_method": "succesive_halving",
        "best_params": {
            "hidden_dim": 4,
            "learning_rate": 0.11288378916846883,
            "iterations": 55,
            "keep_prob": 2.1544346900318823e-05
        },
        "rmse": 0.16077000043828765,
        "mae": 0.10165511023016059,
        "mi": 2.294969459730436,
        "corr": 0.9984143196890517,
        "time_taken": 33.26029419898987
    },
    "bafu_mi_corr": {
        "algorithm": "mrnn",
        "metric_used_for_optimization": "mi_corr",
        "optimization_method": "bayesian_optimization",
        "best_params": {
            "hidden_dim": 0,
            "learning_rate": 0.8752061219071195,
            "iterations": 62,
            "keep_prob": 1.0340717532195197e-06
        },
        "rmse": 0.15672516300983025,
        "mae": 0.09812067022447675,
        "mi": 2.2846475283018925,
        "corr": 0.9985158846973279,
        "time_taken": 34.333415508270264
    },
    "bafu_rmse": {
        "algorithm": "mrnn",
        "metric_used_for_optimization": "rmse",
        "optimization_method": "bayesian_optimization",
        "best_params": {
            "hidden_dim": 9,
            "learning_rate": 0.012248349008248848,
            "iterations": 84,
            "keep_prob": 1.150443912032195e-06
        },
        "rmse": 0.16036270971350622,
        "mae": 0.10017926111566053,
        "mi": 2.2649622510171534,
        "corr": 0.9984192526540233,
        "time_taken": 36.6824996471405
    },
    "bafu_rmse_mae": {
        "algorithm": "mrnn",
        "metric_used_for_optimization": "rmse_mae",
        "optimization_method": "bayesian_optimization",
        "best_params": {
            "hidden_dim": 0,
            "learning_rate": 0.4648806791800015,
            "iterations": 19,
            "keep_prob": 4.546128949875599e-05
        },
        "rmse": 0.15993633324397616,
        "mae": 0.10182790563115321,
        "mi": 2.2997941851924,
        "corr": 0.9984220934159865,
        "time_taken": 28.496963500976562
    },
    "chlorine_corr": {
        "algorithm": "mrnn",
        "metric_used_for_optimization": "corr",
        "optimization_method": "succesive_halving",
        "best_params": {
            "hidden_dim": 4,
            "learning_rate": 7.847599703514606e-05,
            "iterations": 15,
            "keep_prob": 2.1544346900318823e-05
        },
        "rmse": 0.6081802384561662,
        "mae": 0.5664197629846368,
        "mi": 0.8295579220808404,
        "corr": 0.3033388133899746,
        "time_taken": 27.329599618911743
    },
    "chlorine_mae": {
        "algorithm": "mrnn",
        "metric_used_for_optimization": "mae",
        "optimization_method": "bayesian_optimization",
        "best_params": {
            "hidden_dim": 4,
            "learning_rate": 0.0017947303316047142,
            "iterations": 44,
            "keep_prob": 1.1749944984462393e-06
        },
        "rmse": 0.5421738375411448,
        "mae": 0.49482039763172736,
        "mi": 0.8545426314982052,
        "corr": 0.30816106359473616,
        "time_taken": 31.402143239974976
    },
    "chlorine_mi": {
        "algorithm": "mrnn",
        "metric_used_for_optimization": "mi",
        "optimization_method": "succesive_halving",
        "best_params": {
            "hidden_dim": 1,
            "learning_rate": 0.00615848211066026,
            "iterations": 30,
            "keep_prob": 4.641588833612782e-06
        },
        "rmse": 0.5703505896857559,
        "mae": 0.5307477971773514,
        "mi": 0.8884697521711109,
        "corr": 0.4550181833242516,
        "time_taken": 29.246379375457764
    },
    "chlorine_mi_corr": {
        "algorithm": "mrnn",
        "metric_used_for_optimization": "mi_corr",
        "optimization_method": "bayesian_optimization",
        "best_params": {
            "hidden_dim": 9,
            "learning_rate": 0.0003413876224797998,
            "iterations": 94,
            "keep_prob": 0.9849751711197006
        },
        "rmse": 0.6556624525516458,
        "mae": 0.6113439948660458,
        "mi": 0.7515253913673665,
        "corr": 0.011036669570765555,
        "time_taken": 37.95017910003662
    },
    "chlorine_rmse": {
        "algorithm": "mrnn",
        "metric_used_for_optimization": "rmse",
        "optimization_method": "bayesian_optimization",
        "best_params": {
            "hidden_dim": 4,
            "learning_rate": 0.0506117156376428,
            "iterations": 38,
            "keep_prob": 0.005200428922939562
        },
        "rmse": 0.6400357422942294,
        "mae": 0.5949135511578769,
        "mi": 0.8451033486219934,
        "corr": 0.060079153462197984,
        "time_taken": 30.676447868347168
    },
    "chlorine_rmse_mae": {
        "algorithm": "mrnn",
        "metric_used_for_optimization": "rmse_mae",
        "optimization_method": "bayesian_optimization",
        "best_params": {
            "hidden_dim": 4,
            "learning_rate": 0.002806855173895185,
            "iterations": 85,
            "keep_prob": 2.0371536595729187e-05
        },
        "rmse": 0.6301971337942837,
        "mae": 0.5881226972182387,
        "mi": 0.6559907006803942,
        "corr": 0.22484254592476502,
        "time_taken": 36.93035411834717
    },
    "climate_corr": {
        "algorithm": "mrnn",
        "metric_used_for_optimization": "corr",
        "optimization_method": "succesive_halving",
        "best_params": {
            "hidden_dim": 7,
            "learning_rate": 1.0,
            "iterations": 95,
            "keep_prob": 1.0
        },
        "rmse": 212.553485458656,
        "mae": 95.27390225616665,
        "mi": 1.327290761952239,
        "corr": 0.919167960187694,
        "time_taken": 38.501954078674316
    },
    "climate_mae": {
        "algorithm": "mrnn",
        "metric_used_for_optimization": "mae",
        "optimization_method": "bayesian_optimization",
        "best_params": {
            "hidden_dim": 6,
            "learning_rate": 3.12955567998516e-05,
            "iterations": 0,
            "keep_prob": 0.6549139389451483
        },
        "rmse": 216.6631738789804,
        "mae": 98.82982307737132,
        "mi": 1.2250958141819983,
        "corr": 0.9144166357534623,
        "time_taken": 24.723034143447876
    },
    "climate_mi": {
        "algorithm": "mrnn",
        "metric_used_for_optimization": "mi",
        "optimization_method": "succesive_halving",
        "best_params": {
            "hidden_dim": 6,
            "learning_rate": 0.11288378916846883,
            "iterations": 25,
            "keep_prob": 1e-06
        },
        "rmse": 316.4331436219421,
        "mae": 140.95956002837912,
        "mi": 1.2167013637402113,
        "corr": 0.8289503907562434,
        "time_taken": 28.682037353515625
    },