{
    "bafu_corr": {
        "algorithm": "mrnn",
        "metric_used_for_optimization": "corr",
        "optimization_method": "succesive_halving",
        "best_params": {
            "hidden_dim": 5,
            "learning_rate": 0.05455594781168514,
            "iterations": 65,
            "keep_prob": 1e-06
        },
        "rmse": 0.15338449124532505,
        "mae": 0.10310446805692614,
        "mi": 2.0534149436479225,
        "corr": 0.9984074146462032,
        "time_taken": 37.871251344680786
    },
    "bafu_mae": {
        "algorithm": "mrnn",
        "metric_used_for_optimization": "mae",
        "optimization_method": "bayesian_optimization",
        "best_params": {
            "hidden_dim": 7,
            "learning_rate": 0.002745061507763296,
            "iterations": 91,
            "keep_prob": 1.9417716163716384e-05
        },
        "rmse": 0.15138888631548247,
        "mae": 0.10156360978843622,
        "mi": 2.01951627002322,
        "corr": 0.9984444371080358,
        "time_taken": 42.03780126571655
    },
    "bafu_mi": {
        "algorithm": "mrnn",
        "metric_used_for_optimization": "mi",
        "optimization_method": "succesive_halving",
        "best_params": {
            "hidden_dim": 4,
            "learning_rate": 0.11288378916846883,
            "iterations": 55,
            "keep_prob": 2.1544346900318823e-05
        },
        "rmse": 0.1467892995900817,
        "mae": 0.10052987995561995,
        "mi": 2.0764090728064346,
        "corr": 0.9985177713407822,
        "time_taken": 35.245532512664795
    },
    "bafu_mi_corr": {
        "algorithm": "mrnn",
        "metric_used_for_optimization": "mi_corr",
        "optimization_method": "bayesian_optimization",
        "best_params": {
            "hidden_dim": 0,
            "learning_rate": 0.8752061219071195,
            "iterations": 62,
            "keep_prob": 1.0340717532195197e-06
        },
        "rmse": 0.1468901602151718,
        "mae": 0.10156862449245539,
        "mi": 2.057392560999728,
        "corr": 0.9984984922064918,
        "time_taken": 34.945209980010986
    },
    "bafu_rmse": {
        "algorithm": "mrnn",
        "metric_used_for_optimization": "rmse",
        "optimization_method": "bayesian_optimization",
        "best_params": {
            "hidden_dim": 9,
            "learning_rate": 0.012248349008248848,
            "iterations": 84,
            "keep_prob": 1.150443912032195e-06
        },
        "rmse": 0.15295493299471657,
        "mae": 0.10458360612823053,
        "mi": 2.033943787550955,
        "corr": 0.9983687163889642,
        "time_taken": 38.67830538749695
    },
    "bafu_rmse_mae": {
        "algorithm": "mrnn",
        "metric_used_for_optimization": "rmse_mae",
        "optimization_method": "bayesian_optimization",
        "best_params": {
            "hidden_dim": 0,
            "learning_rate": 0.4648806791800015,
            "iterations": 19,
            "keep_prob": 4.546128949875599e-05
        },
        "rmse": 0.14963041624270368,
        "mae": 0.10206987004972574,
        "mi": 2.051526661298212,
        "corr": 0.9984814750292268,
        "time_taken": 29.439934968948364
    },
    "chlorine_corr": {
        "algorithm": "mrnn",
        "metric_used_for_optimization": "corr",
        "optimization_method": "succesive_halving",
        "best_params": {
            "hidden_dim": 4,
            "learning_rate": 7.847599703514606e-05,
            "iterations": 15,
            "keep_prob": 2.1544346900318823e-05
        },
        "rmse": 0.6140624779742824,
        "mae": 0.5780770916264721,
        "mi": 0.48363684217840675,
        "corr": 0.48284054715131103,
        "time_taken": 28.55963134765625
    },
    "chlorine_mae": {
        "algorithm": "mrnn",
        "metric_used_for_optimization": "mae",
        "optimization_method": "bayesian_optimization",
        "best_params": {
            "hidden_dim": 4,
            "learning_rate": 0.0017947303316047142,
            "iterations": 44,
            "keep_prob": 1.1749944984462393e-06
        },
        "rmse": 0.6153698400038939,
        "mae": 0.5782484210198631,
        "mi": 0.6969727557825476,
        "corr": 0.41569435868125787,
        "time_taken": 32.502612352371216
    },
    "chlorine_mi": {
        "algorithm": "mrnn",
        "metric_used_for_optimization": "mi",
        "optimization_method": "succesive_halving",
        "best_params": {
            "hidden_dim": 1,
            "learning_rate": 0.00615848211066026,
            "iterations": 30,
            "keep_prob": 4.641588833612782e-06
        },
        "rmse": 0.5857852219138412,
        "mae": 0.548891655503571,
        "mi": 0.6589494480395677,
        "corr": 0.4032656872977,
        "time_taken": 30.570013284683228
    },
    "chlorine_mi_corr": {
        "algorithm": "mrnn",
        "metric_used_for_optimization": "mi_corr",
        "optimization_method": "bayesian_optimization",
        "best_params": {
            "hidden_dim": 9,
            "learning_rate": 0.0003413876224797998,
            "iterations": 94,
            "keep_prob": 0.9849751711197006
        },
        "rmse": 0.6671185851120821,
        "mae": 0.6262875513203439,
        "mi": 0.47930797507108536,
        "corr": -0.01727671197694823,
        "time_taken": 39.58633804321289
    },
    "chlorine_rmse": {
        "algorithm": "mrnn",
        "metric_used_for_optimization": "rmse",
        "optimization_method": "bayesian_optimization",
        "best_params": {
            "hidden_dim": 4,
            "learning_rate": 0.0506117156376428,
            "iterations": 38,
            "keep_prob": 0.005200428922939562
        },
        "rmse": 0.6352064366507093,
        "mae": 0.5988269762165389,
        "mi": 0.5759895839807061,
        "corr": 0.3890125027938493,
        "time_taken": 31.64713478088379
    },
    "chlorine_rmse_mae": {
        "algorithm": "mrnn",
        "metric_used_for_optimization": "rmse_mae",
        "optimization_method": "bayesian_optimization",
        "best_params": {
            "hidden_dim": 4,
            "learning_rate": 0.002806855173895185,
            "iterations": 85,
            "keep_prob": 2.0371536595729187e-05
        },
        "rmse": 0.6527797223585117,
        "mae": 0.6152485276377777,
        "mi": 0.6028995860082142,
        "corr": 0.3368189369867556,
        "time_taken": 37.296637773513794
    },
    "climate_corr": {
        "algorithm": "mrnn",
        "metric_used_for_optimization": "corr",
        "optimization_method": "succesive_halving",
        "best_params": {
            "hidden_dim": 7,
            "learning_rate": 1.0,
            "iterations": 95,
            "keep_prob": 1.0
        },
        "rmse": 268.31250386047725,
        "mae": 84.95379635611502,
        "mi": 1.248436532262214,
        "corr": 0.8923156167598463,
        "time_taken": 39.57321381568909
    },
    "climate_mae": {
        "algorithm": "mrnn",
        "metric_used_for_optimization": "mae",
        "optimization_method": "bayesian_optimization",
        "best_params": {
            "hidden_dim": 6,
            "learning_rate": 3.12955567998516e-05,
            "iterations": 0,
            "keep_prob": 0.6549139389451483
        },
        "rmse": 266.5757003175744,
        "mae": 85.83130947482357,
        "mi": 1.2235587636580911,
        "corr": 0.8938283189239992,
        "time_taken": 25.95919919013977
    },
    "climate_mi": {
        "algorithm": "mrnn",
        "metric_used_for_optimization": "mi",
        "optimization_method": "succesive_halving",
        "best_params": {
            "hidden_dim": 6,
            "learning_rate": 0.11288378916846883,
            "iterations": 25,
            "keep_prob": 1e-06
        },
        "rmse": 292.383776010414,
        "mae": 110.86673921680125,
        "mi": 1.0374157320374902,
        "corr": 0.8684096527620091,
        "time_taken": 29.91385269165039
    },