{
    "bafu_corr": {
        "algorithm": "mrnn",
        "metric_used_for_optimization": "corr",
        "optimization_method": "succesive_halving",
        "best_params": {
            "hidden_dim": 5,
            "learning_rate": 0.05455594781168514,
            "iterations": 65,
            "keep_prob": 1e-06
        },
        "rmse": 0.3584316747598379,
        "mae": 0.24517722359572888,
        "mi": 2.2436936839703825,
        "corr": 0.993439478277814,
        "time_taken": 23.500882387161255
    },
    "bafu_mae": {
        "algorithm": "mrnn",
        "metric_used_for_optimization": "mae",
        "optimization_method": "bayesian_optimization",
        "best_params": {
            "hidden_dim": 7,
            "learning_rate": 0.002745061507763296,
            "iterations": 91,
            "keep_prob": 1.9417716163716384e-05
        },
        "rmse": 0.35316088031924087,
        "mae": 0.241339746673973,
        "mi": 2.2168272080736893,
        "corr": 0.9927071647016752,
        "time_taken": 25.809618711471558
    },
    "bafu_mi": {
        "algorithm": "mrnn",
        "metric_used_for_optimization": "mi",
        "optimization_method": "succesive_halving",
        "best_params": {
            "hidden_dim": 4,
            "learning_rate": 0.11288378916846883,
            "iterations": 55,
            "keep_prob": 2.1544346900318823e-05
        },
        "rmse": 0.39339924230212286,
        "mae": 0.26714712169059174,
        "mi": 2.1653161277828024,
        "corr": 0.9935945745331697,
        "time_taken": 22.408594608306885
    },
    "bafu_mi_corr": {
        "algorithm": "mrnn",
        "metric_used_for_optimization": "mi_corr",
        "optimization_method": "bayesian_optimization",
        "best_params": {
            "hidden_dim": 0,
            "learning_rate": 0.8752061219071195,
            "iterations": 62,
            "keep_prob": 1.0340717532195197e-06
        },
        "rmse": 0.3369579810630074,
        "mae": 0.2347167960429091,
        "mi": 2.184838184339445,
        "corr": 0.99491681553575,
        "time_taken": 22.81905198097229
    },
    "bafu_rmse": {
        "algorithm": "mrnn",
        "metric_used_for_optimization": "rmse",
        "optimization_method": "bayesian_optimization",
        "best_params": {
            "hidden_dim": 9,
            "learning_rate": 0.012248349008248848,
            "iterations": 84,
            "keep_prob": 1.150443912032195e-06
        },
        "rmse": 0.3679137307104431,
        "mae": 0.25137541208301095,
        "mi": 2.167874251180947,
        "corr": 0.994333257256992,
        "time_taken": 26.002314805984497
    },
    "bafu_rmse_mae": {
        "algorithm": "mrnn",
        "metric_used_for_optimization": "rmse_mae",
        "optimization_method": "bayesian_optimization",
        "best_params": {
            "hidden_dim": 0,
            "learning_rate": 0.4648806791800015,
            "iterations": 19,
            "keep_prob": 4.546128949875599e-05
        },
        "rmse": 0.3516386155785859,
        "mae": 0.24302707324572573,
        "mi": 2.2280737092297622,
        "corr": 0.9942928769650594,
        "time_taken": 18.4788236618042
    },
    "chlorine_corr": {
        "algorithm": "mrnn",
        "metric_used_for_optimization": "corr",
        "optimization_method": "succesive_halving",
        "best_params": {
            "hidden_dim": 4,
            "learning_rate": 7.847599703514606e-05,
            "iterations": 15,
            "keep_prob": 2.1544346900318823e-05
        },
        "rmse": 0.5993356776478285,
        "mae": 0.5596697876901626,
        "mi": 0.8496603372823648,
        "corr": 0.322652060941195,
        "time_taken": 13.212616205215454
    },
    "chlorine_mae": {
        "algorithm": "mrnn",
        "metric_used_for_optimization": "mae",
        "optimization_method": "bayesian_optimization",
        "best_params": {
            "hidden_dim": 4,
            "learning_rate": 0.0017947303316047142,
            "iterations": 44,
            "keep_prob": 1.1749944984462393e-06
        },
        "rmse": 0.5778277684383002,
        "mae": 0.5393621052990611,
        "mi": 0.7972776112684539,
        "corr": 0.41658685307710963,
        "time_taken": 16.121066570281982
    },
    "chlorine_mi": {
        "algorithm": "mrnn",
        "metric_used_for_optimization": "mi",
        "optimization_method": "succesive_halving",
        "best_params": {
            "hidden_dim": 1,
            "learning_rate": 0.00615848211066026,
            "iterations": 30,
            "keep_prob": 4.641588833612782e-06
        },
        "rmse": 0.5625447481052922,
        "mae": 0.5155869951651408,
        "mi": 0.8540198552949403,
        "corr": 0.20732158942965398,
        "time_taken": 14.545079946517944
    },
    "chlorine_mi_corr": {
        "algorithm": "mrnn",
        "metric_used_for_optimization": "mi_corr",
        "optimization_method": "bayesian_optimization",
        "best_params": {
            "hidden_dim": 9,
            "learning_rate": 0.0003413876224797998,
            "iterations": 94,
            "keep_prob": 0.9849751711197006
        },
        "rmse": 0.6544243094630436,
        "mae": 0.6119284872916254,
        "mi": 0.6714611100650427,
        "corr": 0.0005610948356663981,
        "time_taken": 22.582212686538696
    },
    "chlorine_rmse": {
        "algorithm": "mrnn",
        "metric_used_for_optimization": "rmse",
        "optimization_method": "bayesian_optimization",
        "best_params": {
            "hidden_dim": 4,
            "learning_rate": 0.0506117156376428,
            "iterations": 38,
            "keep_prob": 0.005200428922939562
        },
        "rmse": 0.6394388136586749,
        "mae": 0.5930728932814088,
        "mi": 0.7987676285498515,
        "corr": -0.06716197964816875,
        "time_taken": 15.488286972045898
    },
    "chlorine_rmse_mae": {
        "algorithm": "mrnn",
        "metric_used_for_optimization": "rmse_mae",
        "optimization_method": "bayesian_optimization",
        "best_params": {
            "hidden_dim": 4,
            "learning_rate": 0.002806855173895185,
            "iterations": 85,
            "keep_prob": 2.0371536595729187e-05
        },
        "rmse": 0.6303184863374396,
        "mae": 0.5886214351649349,
        "mi": 0.7904033697670778,
        "corr": 0.13675040206681535,
        "time_taken": 20.84827709197998
    },
    "climate_corr": {
        "algorithm": "mrnn",
        "metric_used_for_optimization": "corr",
        "optimization_method": "succesive_halving",
        "best_params": {
            "hidden_dim": 7,
            "learning_rate": 1.0,
            "iterations": 95,
            "keep_prob": 1.0
        },
        "rmse": 190.67219590502276,
        "mae": 88.39808688218669,
        "mi": 1.275000057530391,
        "corr": 0.9347765906399436,
        "time_taken": 21.437896966934204
    },
    "climate_mae": {
        "algorithm": "mrnn",
        "metric_used_for_optimization": "mae",
        "optimization_method": "bayesian_optimization",
        "best_params": {
            "hidden_dim": 6,
            "learning_rate": 3.12955567998516e-05,
            "iterations": 0,
            "keep_prob": 0.6549139389451483
        },
        "rmse": 187.57381268337338,
        "mae": 89.77437834154792,
        "mi": 1.1945055872485408,
        "corr": 0.9366589550548658,
        "time_taken": 10.574217319488525
    },
    "climate_mi": {
        "algorithm": "mrnn",
        "metric_used_for_optimization": "mi",
        "optimization_method": "succesive_halving",
        "best_params": {
            "hidden_dim": 6,
            "learning_rate": 0.11288378916846883,
            "iterations": 25,
            "keep_prob": 1e-06
        },
        "rmse": 303.8673821515607,
        "mae": 136.67104130444872,
        "mi": 1.120814268188568,
        "corr": 0.8392241007666971,
        "time_taken": 14.110296249389648
    },