{
    "bafu_corr": {
        "algorithm": "mrnn",
        "metric_used_for_optimization": "corr",
        "optimization_method": "succesive_halving",
        "best_params": {
            "hidden_dim": 5,
            "learning_rate": 0.05455594781168514,
            "iterations": 65,
            "keep_prob": 1e-06
        },
        "rmse": 0.15566422477894148,
        "mae": 0.09977160938651829,
        "mi": 2.3368485706687587,
        "corr": 0.9985001994291359,
        "time_taken": 35.21187782287598
    },
    "bafu_mae": {
        "algorithm": "mrnn",
        "metric_used_for_optimization": "mae",
        "optimization_method": "bayesian_optimization",
        "best_params": {
            "hidden_dim": 7,
            "learning_rate": 0.002745061507763296,
            "iterations": 91,
            "keep_prob": 1.9417716163716384e-05
        },
        "rmse": 0.14992353223828886,
        "mae": 0.09591687657154413,
        "mi": 2.3276077735859158,
        "corr": 0.9986072780569263,
        "time_taken": 39.18793964385986
    },
    "bafu_mi": {
        "algorithm": "mrnn",
        "metric_used_for_optimization": "mi",
        "optimization_method": "succesive_halving",
        "best_params": {
            "hidden_dim": 4,
            "learning_rate": 0.11288378916846883,
            "iterations": 55,
            "keep_prob": 2.1544346900318823e-05
        },
        "rmse": 0.15623830233649594,
        "mae": 0.09988467042727532,
        "mi": 2.328759335249579,
        "corr": 0.9984671799620256,
        "time_taken": 34.096964836120605
    },
    "bafu_mi_corr": {
        "algorithm": "mrnn",
        "metric_used_for_optimization": "mi_corr",
        "optimization_method": "bayesian_optimization",
        "best_params": {
            "hidden_dim": 0,
            "learning_rate": 0.8752061219071195,
            "iterations": 62,
            "keep_prob": 1.0340717532195197e-06
        },
        "rmse": 0.15328698216575132,
        "mae": 0.09730707693377634,
        "mi": 2.261232614447394,
        "corr": 0.9985385555861318,
        "time_taken": 35.04877948760986
    },
    "bafu_rmse": {
        "algorithm": "mrnn",
        "metric_used_for_optimization": "rmse",
        "optimization_method": "bayesian_optimization",
        "best_params": {
            "hidden_dim": 9,
            "learning_rate": 0.012248349008248848,
            "iterations": 84,
            "keep_prob": 1.150443912032195e-06
        },
        "rmse": 0.15769268530396474,
        "mae": 0.09999406919658606,
        "mi": 2.3165719628243804,
        "corr": 0.9984791924220754,
        "time_taken": 38.73326873779297
    },
    "bafu_rmse_mae": {
        "algorithm": "mrnn",
        "metric_used_for_optimization": "rmse_mae",
        "optimization_method": "bayesian_optimization",
        "best_params": {
            "hidden_dim": 0,
            "learning_rate": 0.4648806791800015,
            "iterations": 19,
            "keep_prob": 4.546128949875599e-05
        },
        "rmse": 0.16062344793422753,
        "mae": 0.10357047837923367,
        "mi": 2.3655150565600302,
        "corr": 0.9983612591220552,
        "time_taken": 29.248289823532104
    },
    "chlorine_corr": {
        "algorithm": "mrnn",
        "metric_used_for_optimization": "corr",
        "optimization_method": "succesive_halving",
        "best_params": {
            "hidden_dim": 4,
            "learning_rate": 7.847599703514606e-05,
            "iterations": 15,
            "keep_prob": 2.1544346900318823e-05
        },
        "rmse": 0.5634331433739083,
        "mae": 0.5191800402460433,
        "mi": 0.8222176293531529,
        "corr": 0.27796933303237714,
        "time_taken": 28.93495225906372
    },
    "chlorine_mae": {
        "algorithm": "mrnn",
        "metric_used_for_optimization": "mae",
        "optimization_method": "bayesian_optimization",
        "best_params": {
            "hidden_dim": 4,
            "learning_rate": 0.0017947303316047142,
            "iterations": 44,
            "keep_prob": 1.1749944984462393e-06
        },
        "rmse": 0.5690850506380578,
        "mae": 0.5296576667122456,
        "mi": 0.923734434558551,
        "corr": 0.3985204435261438,
        "time_taken": 32.391968727111816
    },
    "chlorine_mi": {
        "algorithm": "mrnn",
        "metric_used_for_optimization": "mi",
        "optimization_method": "succesive_halving",
        "best_params": {
            "hidden_dim": 1,
            "learning_rate": 0.00615848211066026,
            "iterations": 30,
            "keep_prob": 4.641588833612782e-06
        },
        "rmse": 0.5924245170607999,
        "mae": 0.5518331273468444,
        "mi": 0.8794769237916493,
        "corr": 0.3051568219151527,
        "time_taken": 30.16072106361389
    },
    "chlorine_mi_corr": {
        "algorithm": "mrnn",
        "metric_used_for_optimization": "mi_corr",
        "optimization_method": "bayesian_optimization",
        "best_params": {
            "hidden_dim": 9,
            "learning_rate": 0.0003413876224797998,
            "iterations": 94,
            "keep_prob": 0.9849751711197006
        },
        "rmse": 0.6562673554990197,
        "mae": 0.6143554091936576,
        "mi": 0.711102106202113,
        "corr": 0.004078048017004827,
        "time_taken": 39.12628626823425
    },
    "chlorine_rmse": {
        "algorithm": "mrnn",
        "metric_used_for_optimization": "rmse",
        "optimization_method": "bayesian_optimization",
        "best_params": {
            "hidden_dim": 4,
            "learning_rate": 0.0506117156376428,
            "iterations": 38,
            "keep_prob": 0.005200428922939562
        },
        "rmse": 0.6148402820929846,
        "mae": 0.5747587191095077,
        "mi": 0.7915167341053368,
        "corr": 0.31979994443454646,
        "time_taken": 31.54034447669983
    },
    "chlorine_rmse_mae": {
        "algorithm": "mrnn",
        "metric_used_for_optimization": "rmse_mae",
        "optimization_method": "bayesian_optimization",
        "best_params": {
            "hidden_dim": 4,
            "learning_rate": 0.002806855173895185,
            "iterations": 85,
            "keep_prob": 2.0371536595729187e-05
        },
        "rmse": 0.6478652578888189,
        "mae": 0.6056235372917751,
        "mi": 0.7701361243188121,
        "corr": 0.03297495701600253,
        "time_taken": 38.05322623252869
    },
    "climate_corr": {
        "algorithm": "mrnn",
        "metric_used_for_optimization": "corr",
        "optimization_method": "succesive_halving",
        "best_params": {
            "hidden_dim": 7,
            "learning_rate": 1.0,
            "iterations": 95,
            "keep_prob": 1.0
        },
        "rmse": 190.67163518113307,
        "mae": 88.39578787864913,
        "mi": 1.27505931678965,
        "corr": 0.9347777121984691,
        "time_taken": 40.11333727836609
    },
    "climate_mae": {
        "algorithm": "mrnn",
        "metric_used_for_optimization": "mae",
        "optimization_method": "bayesian_optimization",
        "best_params": {
            "hidden_dim": 6,
            "learning_rate": 3.12955567998516e-05,
            "iterations": 0,
            "keep_prob": 0.6549139389451483
        },
        "rmse": 189.8070653495662,
        "mae": 88.21268825070294,
        "mi": 1.2577837546671335,
        "corr": 0.9352613703334307,
        "time_taken": 25.717808485031128
    },
    "climate_mi": {
        "algorithm": "mrnn",
        "metric_used_for_optimization": "mi",
        "optimization_method": "succesive_halving",
        "best_params": {
            "hidden_dim": 6,
            "learning_rate": 0.11288378916846883,
            "iterations": 25,
            "keep_prob": 1e-06
        },
        "rmse": 304.62242612550773,
        "mae": 132.98520922768316,
        "mi": 1.1450671068162843,
        "corr": 0.8403811124020975,
        "time_taken": 29.73845148086548
    },