{
    "bafu_corr": {
        "algorithm": "iim",
        "metric_used_for_optimization": "corr",
        "optimization_method": "succesive_halving",
        "best_params": {
            "learning_neighbours": 90
        },
        "rmse": 0.20081009572075045,
        "mae": 0.12917586754640226,
        "mi": 2.1824398760975114,
        "corr": 0.998152522077695,
        "time_taken": 4.164027690887451
    },
    "bafu_mae": {
        "algorithm": "iim",
        "metric_used_for_optimization": "mae",
        "optimization_method": "bayesian_optimization",
        "best_params": {
            "learning_neighbours": 100
        },
        "rmse": 0.19877887169865258,
        "mae": 0.12755658022634725,
        "mi": 2.180727547330388,
        "corr": 0.9981713499675847,
        "time_taken": 4.694333791732788
    },
    "bafu_mi": {
        "algorithm": "iim",
        "metric_used_for_optimization": "mi",
        "optimization_method": "succesive_halving",
        "best_params": {
            "learning_neighbours": 18
        },
        "rmse": 0.21622241985795113,
        "mae": 0.14485877767866956,
        "mi": 2.1509468637825817,
        "corr": 0.9980440107241955,
        "time_taken": 0.9575283527374268
    },
    "bafu_mi_corr": {
        "algorithm": "iim",
        "metric_used_for_optimization": "mi_corr",
        "optimization_method": "succesive_halving",
        "best_params": {
            "learning_neighbours": 12
        },
        "rmse": 0.21744055729626058,
        "mae": 0.1469207746395883,
        "mi": 2.170477789477891,
        "corr": 0.9980501355834992,
        "time_taken": 0.7213857173919678
    },
    "bafu_rmse": {
        "algorithm": "iim",
        "metric_used_for_optimization": "rmse",
        "optimization_method": "bayesian_optimization",
        "best_params": {
            "learning_neighbours": 100
        },
        "rmse": 0.19877887169865258,
        "mae": 0.12755658022634725,
        "mi": 2.180727547330388,
        "corr": 0.9981713499675847,
        "time_taken": 5.4133384227752686
    },
    "bafu_rmse_mae": {
        "algorithm": "iim",
        "metric_used_for_optimization": "rmse_mae",
        "optimization_method": "bayesian_optimization",
        "best_params": {
            "learning_neighbours": 100
        },
        "rmse": 0.19877887169865258,
        "mae": 0.12755658022634725,
        "mi": 2.180727547330388,
        "corr": 0.9981713499675847,
        "time_taken": 4.856743097305298
    },
    "chlorine_corr": {
        "algorithm": "iim",
        "metric_used_for_optimization": "corr",
        "optimization_method": "succesive_halving",
        "best_params": {
            "learning_neighbours": 12
        },
        "rmse": 0.17151922176968656,
        "mae": 0.10442263348702381,
        "mi": 1.370474747892543,
        "corr": 0.8121552301035465,
        "time_taken": 0.4117240905761719
    },
    "chlorine_mae": {
        "algorithm": "iim",
        "metric_used_for_optimization": "mae",
        "optimization_method": "bayesian_optimization",
        "best_params": {
            "learning_neighbours": 1
        },
        "rmse": 0.18095300126196817,
        "mae": 0.11632633843954611,
        "mi": 1.3438203827115411,
        "corr": 0.8087075280473786,
        "time_taken": 0.03955507278442383
    },
    "chlorine_mi": {
        "algorithm": "iim",
        "metric_used_for_optimization": "mi",
        "optimization_method": "succesive_halving",
        "best_params": {
            "learning_neighbours": 28
        },
        "rmse": 0.16816883373474784,
        "mae": 0.10065773099325956,
        "mi": 1.311671180539995,
        "corr": 0.7884730422900801,
        "time_taken": 0.927260160446167
    },
    "chlorine_mi_corr": {
        "algorithm": "iim",
        "metric_used_for_optimization": "mi_corr",
        "optimization_method": "bayesian_optimization",
        "best_params": {
            "learning_neighbours": 1
        },
        "rmse": 0.18095300126196817,
        "mae": 0.11632633843954611,
        "mi": 1.3438203827115411,
        "corr": 0.8087075280473786,
        "time_taken": 0.04246020317077637
    },
    "chlorine_rmse": {
        "algorithm": "iim",
        "metric_used_for_optimization": "rmse",
        "optimization_method": "bayesian_optimization",
        "best_params": {
            "learning_neighbours": 1
        },
        "rmse": 0.18095300126196817,
        "mae": 0.11632633843954611,
        "mi": 1.3438203827115411,
        "corr": 0.8087075280473786,
        "time_taken": 0.040079355239868164
    },
    "chlorine_rmse_mae": {
        "algorithm": "iim",
        "metric_used_for_optimization": "rmse_mae",
        "optimization_method": "succesive_halving",
        "best_params": {
            "learning_neighbours": 21
        },
        "rmse": 0.16811249840343762,
        "mae": 0.10129165572275001,
        "mi": 1.3541716928270018,
        "corr": 0.8014761184609176,
        "time_taken": 0.6996808052062988
    },
    "climate_corr": {
        "algorithm": "iim",
        "metric_used_for_optimization": "corr",
        "optimization_method": "bayesian_optimization",
        "best_params": {
            "learning_neighbours": 22
        },
        "rmse": 223.0404049885134,
        "mae": 72.98884718140565,
        "mi": 1.5058451163413757,
        "corr": 0.9313057894789305,
        "time_taken": 0.8513588905334473
    },
    "climate_mae": {
        "algorithm": "iim",
        "metric_used_for_optimization": "mae",
        "optimization_method": "bayesian_optimization",
        "best_params": {
            "learning_neighbours": 47
        },
        "rmse": 211.15515263428853,
        "mae": 68.16479905179646,
        "mi": 1.4440853836428578,
        "corr": 0.9380972403276583,
        "time_taken": 1.8625621795654297
    },
    "climate_mi": {
        "algorithm": "iim",
        "metric_used_for_optimization": "mi",
        "optimization_method": "succesive_halving",
        "best_params": {
            "learning_neighbours": 11
        },
        "rmse": 225.7726759598191,
        "mae": 77.25711604205527,
        "mi": 1.4770870080462852,
        "corr": 0.930750251862843,
        "time_taken": 0.43921756744384766
    },
    "climate_mi_corr": {
        "algorithm": "iim",
        "metric_used_for_optimization": "mi_corr",
        "optimization_method": "bayesian_optimization",
        "best_params": {
            "learning_neighbours": 11
        },
        "rmse": 225.7726759598191,
        "mae": 77.25711604205527,
        "mi": 1.4770870080462852,
        "corr": 0.930750251862843,
        "time_taken": 0.4401063919067383
    },
    "climate_rmse": {
        "algorithm": "iim",
        "metric_used_for_optimization": "rmse",
        "optimization_method": "bayesian_optimization",
        "best_params": {
            "learning_neighbours": 31
        },
        "rmse": 217.25538476020554,
        "mae": 70.61314134082176,
        "mi": 1.4264629542055438,
        "corr": 0.9347028592950324,
        "time_taken": 1.2114300727844238
    },
    "climate_rmse_mae": {
        "algorithm": "iim",
        "metric_used_for_optimization": "rmse_mae",
        "optimization_method": "succesive_halving",
        "best_params": {
            "learning_neighbours": 39
        },
        "rmse": 211.43799306859634,
        "mae": 68.91420406500534,
        "mi": 1.4863204724080823,
        "corr": 0.9381660330345861,
        "time_taken": 1.5406334400177002
    },
    "drift_corr": {
        "algorithm": "iim",
        "metric_used_for_optimization": "corr",
        "optimization_method": "succesive_halving",
        "best_params": {
            "learning_neighbours": 1
        },
        "rmse": 9939.461993685796,
        "mae": 2815.3526141,
        "mi": 2.5117649463042366,
        "corr": 0.9818593685879646,
        "time_taken": 0.34550023078918457
    },
    "drift_mae": {
        "algorithm": "iim",
        "metric_used_for_optimization": "mae",