{
    "bafu_corr": {
        "algorithm": "iim",
        "metric_used_for_optimization": "corr",
        "optimization_method": "succesive_halving",
        "best_params": {
            "learning_neighbours": 90
        },
        "rmse": 0.18556345594652213,
        "mae": 0.10724519131454739,
        "mi": 2.253169480092186,
        "corr": 0.9983558529980343,
        "time_taken": 47.14173674583435
    },
    "bafu_mae": {
        "algorithm": "iim",
        "metric_used_for_optimization": "mae",
        "optimization_method": "bayesian_optimization",
        "best_params": {
            "learning_neighbours": 100
        },
        "rmse": 0.183017513507382,
        "mae": 0.10527925191519044,
        "mi": 2.2435022413152597,
        "corr": 0.9983765440672403,
        "time_taken": 50.07147717475891
    },
    "bafu_mi": {
        "algorithm": "iim",
        "metric_used_for_optimization": "mi",
        "optimization_method": "succesive_halving",
        "best_params": {
            "learning_neighbours": 18
        },
        "rmse": 0.2185030895747578,
        "mae": 0.13598820738132583,
        "mi": 2.255084285916892,
        "corr": 0.9980438900981413,
        "time_taken": 8.773399829864502
    },
    "bafu_mi_corr": {
        "algorithm": "iim",
        "metric_used_for_optimization": "mi_corr",
        "optimization_method": "succesive_halving",
        "best_params": {
            "learning_neighbours": 12
        },
        "rmse": 0.22040422708374618,
        "mae": 0.13833674460424675,
        "mi": 2.285874712322217,
        "corr": 0.9980329499966683,
        "time_taken": 6.1188929080963135
    },
    "bafu_rmse": {
        "algorithm": "iim",
        "metric_used_for_optimization": "rmse",
        "optimization_method": "bayesian_optimization",
        "best_params": {
            "learning_neighbours": 100
        },
        "rmse": 0.183017513507382,
        "mae": 0.10527925191519044,
        "mi": 2.2435022413152597,
        "corr": 0.9983765440672403,
        "time_taken": 48.98438477516174
    },
    "bafu_rmse_mae": {
        "algorithm": "iim",
        "metric_used_for_optimization": "rmse_mae",
        "optimization_method": "bayesian_optimization",
        "best_params": {
            "learning_neighbours": 100
        },
        "rmse": 0.183017513507382,
        "mae": 0.10527925191519044,
        "mi": 2.2435022413152597,
        "corr": 0.9983765440672403,
        "time_taken": 48.327086448669434
    },
    "chlorine_corr": {
        "algorithm": "iim",
        "metric_used_for_optimization": "corr",
        "optimization_method": "succesive_halving",
        "best_params": {
            "learning_neighbours": 12
        },
        "rmse": 0.19903413993620742,
        "mae": 0.13914387813434975,
        "mi": 1.04097554752274,
        "corr": 0.781883054351502,
        "time_taken": 4.023847818374634
    },
    "chlorine_mae": {
        "algorithm": "iim",
        "metric_used_for_optimization": "mae",
        "optimization_method": "bayesian_optimization",
        "best_params": {
            "learning_neighbours": 1
        },
        "rmse": 0.21653603556709722,
        "mae": 0.15822058244810674,
        "mi": 1.1048800252835909,
        "corr": 0.7727859469802364,
        "time_taken": 0.4257469177246094
    },
    "chlorine_mi": {
        "algorithm": "iim",
        "metric_used_for_optimization": "mi",
        "optimization_method": "succesive_halving",
        "best_params": {
            "learning_neighbours": 28
        },
        "rmse": 0.18603753697086087,
        "mae": 0.12349039658085958,
        "mi": 1.1172231594150652,
        "corr": 0.7735109907491615,
        "time_taken": 9.280212163925171
    },
    "chlorine_mi_corr": {
        "algorithm": "iim",
        "metric_used_for_optimization": "mi_corr",
        "optimization_method": "bayesian_optimization",
        "best_params": {
            "learning_neighbours": 1
        },
        "rmse": 0.21653603556709722,
        "mae": 0.15822058244810674,
        "mi": 1.1048800252835909,
        "corr": 0.7727859469802364,
        "time_taken": 0.42494750022888184
    },
    "chlorine_rmse": {
        "algorithm": "iim",
        "metric_used_for_optimization": "rmse",
        "optimization_method": "bayesian_optimization",
        "best_params": {
            "learning_neighbours": 1
        },
        "rmse": 0.21653603556709722,
        "mae": 0.15822058244810674,
        "mi": 1.1048800252835909,
        "corr": 0.7727859469802364,
        "time_taken": 0.42026305198669434
    },
    "chlorine_rmse_mae": {
        "algorithm": "iim",
        "metric_used_for_optimization": "rmse_mae",
        "optimization_method": "succesive_halving",
        "best_params": {
            "learning_neighbours": 21
        },
        "rmse": 0.19041361086158987,
        "mae": 0.1290817204292874,
        "mi": 1.0706322628510954,
        "corr": 0.7772700347688335,
        "time_taken": 6.980416297912598
    },
    "climate_corr": {
        "algorithm": "iim",
        "metric_used_for_optimization": "corr",
        "optimization_method": "bayesian_optimization",
        "best_params": {
            "learning_neighbours": 22
        },
        "rmse": 187.78968463425792,
        "mae": 74.20404330058784,
        "mi": 1.3913428274587747,
        "corr": 0.9428601590864212,
        "time_taken": 8.704377889633179
    },
    "climate_mae": {
        "algorithm": "iim",
        "metric_used_for_optimization": "mae",
        "optimization_method": "bayesian_optimization",
        "best_params": {
            "learning_neighbours": 47
        },
        "rmse": 188.46105975112297,
        "mae": 72.56903156922662,
        "mi": 1.3937267170244398,
        "corr": 0.9410779721680854,
        "time_taken": 18.48938226699829
    },
    "climate_mi": {
        "algorithm": "iim",
        "metric_used_for_optimization": "mi",
        "optimization_method": "succesive_halving",
        "best_params": {
            "learning_neighbours": 11
        },
        "rmse": 190.5448487063062,
        "mae": 77.19454252420103,
        "mi": 1.3569338408077996,
        "corr": 0.9422037025492853,
        "time_taken": 4.416681528091431
    },
    "climate_mi_corr": {
        "algorithm": "iim",
        "metric_used_for_optimization": "mi_corr",
        "optimization_method": "bayesian_optimization",
        "best_params": {
            "learning_neighbours": 11
        },
        "rmse": 190.5448487063062,
        "mae": 77.19454252420103,
        "mi": 1.3569338408077996,
        "corr": 0.9422037025492853,
        "time_taken": 4.412634372711182
    },
    "climate_rmse": {
        "algorithm": "iim",
        "metric_used_for_optimization": "rmse",
        "optimization_method": "bayesian_optimization",
        "best_params": {
            "learning_neighbours": 31
        },
        "rmse": 187.49027379986964,
        "mae": 73.27409728912261,
        "mi": 1.3875683197462454,
        "corr": 0.942413968082629,
        "time_taken": 12.205145597457886
    },
    "climate_rmse_mae": {
        "algorithm": "iim",
        "metric_used_for_optimization": "rmse_mae",
        "optimization_method": "succesive_halving",
        "best_params": {
            "learning_neighbours": 39
        },
        "rmse": 188.0006580230769,
        "mae": 72.80583030994097,
        "mi": 1.3974105162989519,
        "corr": 0.9416730594882876,
        "time_taken": 15.278223276138306
    },
    "drift_corr": {
        "algorithm": "iim",
        "metric_used_for_optimization": "corr",
        "optimization_method": "succesive_halving",
        "best_params": {
            "learning_neighbours": 1
        },
        "rmse": 9939.461993685796,
        "mae": 2815.3526141,
        "mi": 2.5117649463042366,
        "corr": 0.9818593685879646,
        "time_taken": 0.34618496894836426
    },
    "drift_mae": {
        "algorithm": "iim",
        "metric_used_for_optimization": "mae",