{
    "bafu_corr": {
        "algorithm": "iim",
        "metric_used_for_optimization": "corr",
        "optimization_method": "succesive_halving",
        "best_params": {
            "learning_neighbours": 90
        },
        "rmse": 0.4485551824759636,
        "mae": 0.32697372978558226,
        "mi": 2.1374477502655096,
        "corr": 0.993748624032958,
        "time_taken": 632.6030809879303
    },
    "bafu_mae": {
        "algorithm": "iim",
        "metric_used_for_optimization": "mae",
        "optimization_method": "bayesian_optimization",
        "best_params": {
            "learning_neighbours": 100
        },
        "rmse": 0.4478781953269716,
        "mae": 0.32639798052582125,
        "mi": 2.136773804785787,
        "corr": 0.9937633462467274,
        "time_taken": 687.5256478786469
    },
    "bafu_mi": {
        "algorithm": "iim",
        "metric_used_for_optimization": "mi",
        "optimization_method": "succesive_halving",
        "best_params": {
            "learning_neighbours": 18
        },
        "rmse": 0.45703056059371555,
        "mae": 0.3354956830657548,
        "mi": 2.13641488588396,
        "corr": 0.993607204579078,
        "time_taken": 124.69699263572693
    },
    "bafu_mi_corr": {
        "algorithm": "iim",
        "metric_used_for_optimization": "mi_corr",
        "optimization_method": "succesive_halving",
        "best_params": {
            "learning_neighbours": 12
        },
        "rmse": 0.4579988284421471,
        "mae": 0.33706873282147154,
        "mi": 2.134550481875817,
        "corr": 0.9936194410734273,
        "time_taken": 84.06711006164551
    },
    "bafu_rmse": {
        "algorithm": "iim",
        "metric_used_for_optimization": "rmse",
        "optimization_method": "bayesian_optimization",
        "best_params": {
            "learning_neighbours": 100
        },
        "rmse": 0.4478781953269716,
        "mae": 0.32639798052582125,
        "mi": 2.136773804785787,
        "corr": 0.9937633462467274,
        "time_taken": 704.8694682121277
    },
    "bafu_rmse_mae": {
        "algorithm": "iim",
        "metric_used_for_optimization": "rmse_mae",
        "optimization_method": "bayesian_optimization",
        "best_params": {
            "learning_neighbours": 100
        },
        "rmse": 0.4478781953269716,
        "mae": 0.32639798052582125,
        "mi": 2.136773804785787,
        "corr": 0.9937633462467274,
        "time_taken": 678.5023758411407
    },
    "chlorine_corr": {
        "algorithm": "iim",
        "metric_used_for_optimization": "corr",
        "optimization_method": "succesive_halving",
        "best_params": {
            "learning_neighbours": 12
        },
        "rmse": 0.19903413993620742,
        "mae": 0.13914387813434975,
        "mi": 1.04097554752274,
        "corr": 0.781883054351502,
        "time_taken": 4.0810558795928955
    },
    "chlorine_mae": {
        "algorithm": "iim",
        "metric_used_for_optimization": "mae",
        "optimization_method": "bayesian_optimization",
        "best_params": {
            "learning_neighbours": 1
        },
        "rmse": 0.21653603556709722,
        "mae": 0.15822058244810674,
        "mi": 1.1048800252835909,
        "corr": 0.7727859469802364,
        "time_taken": 0.4276454448699951
    },
    "chlorine_mi": {
        "algorithm": "iim",
        "metric_used_for_optimization": "mi",
        "optimization_method": "succesive_halving",
        "best_params": {
            "learning_neighbours": 28
        },
        "rmse": 0.18603753697086087,
        "mae": 0.12349039658085958,
        "mi": 1.1172231594150652,
        "corr": 0.7735109907491615,
        "time_taken": 9.411479711532593
    },
    "chlorine_mi_corr": {
        "algorithm": "iim",
        "metric_used_for_optimization": "mi_corr",
        "optimization_method": "bayesian_optimization",
        "best_params": {
            "learning_neighbours": 1
        },
        "rmse": 0.21653603556709722,
        "mae": 0.15822058244810674,
        "mi": 1.1048800252835909,
        "corr": 0.7727859469802364,
        "time_taken": 0.42857837677001953
    },
    "chlorine_rmse": {
        "algorithm": "iim",
        "metric_used_for_optimization": "rmse",
        "optimization_method": "bayesian_optimization",
        "best_params": {
            "learning_neighbours": 1
        },
        "rmse": 0.21653603556709722,
        "mae": 0.15822058244810674,
        "mi": 1.1048800252835909,
        "corr": 0.7727859469802364,
        "time_taken": 0.4243152141571045
    },
    "chlorine_rmse_mae": {
        "algorithm": "iim",
        "metric_used_for_optimization": "rmse_mae",
        "optimization_method": "succesive_halving",
        "best_params": {
            "learning_neighbours": 21
        },
        "rmse": 0.19041361086158987,
        "mae": 0.1290817204292874,
        "mi": 1.0706322628510954,
        "corr": 0.7772700347688335,
        "time_taken": 7.076775789260864
    },
    "climate_corr": {
        "algorithm": "iim",
        "metric_used_for_optimization": "corr",
        "optimization_method": "bayesian_optimization",
        "best_params": {
            "learning_neighbours": 22
        },
        "rmse": 187.78968463425792,
        "mae": 74.20404330058784,
        "mi": 1.3913428274587747,
        "corr": 0.9428601590864212,
        "time_taken": 8.870807886123657
    },
    "climate_mae": {
        "algorithm": "iim",
        "metric_used_for_optimization": "mae",
        "optimization_method": "bayesian_optimization",
        "best_params": {
            "learning_neighbours": 47
        },
        "rmse": 188.46105975112297,
        "mae": 72.56903156922662,
        "mi": 1.3937267170244398,
        "corr": 0.9410779721680854,
        "time_taken": 18.698343992233276
    },
    "climate_mi": {
        "algorithm": "iim",
        "metric_used_for_optimization": "mi",
        "optimization_method": "succesive_halving",
        "best_params": {
            "learning_neighbours": 11
        },
        "rmse": 190.5448487063062,
        "mae": 77.19454252420103,
        "mi": 1.3569338408077996,
        "corr": 0.9422037025492853,
        "time_taken": 4.479452848434448
    },
    "climate_mi_corr": {
        "algorithm": "iim",
        "metric_used_for_optimization": "mi_corr",
        "optimization_method": "bayesian_optimization",
        "best_params": {
            "learning_neighbours": 11
        },
        "rmse": 190.5448487063062,
        "mae": 77.19454252420103,
        "mi": 1.3569338408077996,
        "corr": 0.9422037025492853,
        "time_taken": 4.434651613235474
    },
    "climate_rmse": {
        "algorithm": "iim",
        "metric_used_for_optimization": "rmse",
        "optimization_method": "bayesian_optimization",
        "best_params": {
            "learning_neighbours": 31
        },
        "rmse": 187.49027379986964,
        "mae": 73.27409728912261,
        "mi": 1.3875683197462454,
        "corr": 0.942413968082629,
        "time_taken": 12.328749418258667
    },
    "climate_rmse_mae": {
        "algorithm": "iim",
        "metric_used_for_optimization": "rmse_mae",
        "optimization_method": "succesive_halving",
        "best_params": {
            "learning_neighbours": 39
        },
        "rmse": 188.0006580230769,
        "mae": 72.80583030994097,
        "mi": 1.3974105162989519,
        "corr": 0.9416730594882876,
        "time_taken": 15.423055648803711
    },
    "drift_corr": {
        "algorithm": "iim",
        "metric_used_for_optimization": "corr",
        "optimization_method": "succesive_halving",
        "best_params": {
            "learning_neighbours": 1
        },
        "rmse": 9939.461993685796,
        "mae": 2815.3526141,
        "mi": 2.5117649463042366,
        "corr": 0.9818593685879646,
        "time_taken": 0.3547511100769043
    },
    "drift_mae": {
        "algorithm": "iim",
        "metric_used_for_optimization": "mae",