{
    "bafu_corr": {
        "algorithm": "iim",
        "metric_used_for_optimization": "corr",
        "optimization_method": "bayesian_optimization",
        "best_params": {
            "learning_neighbours": 100
        },
        "rmse": 0.4478781953269716,
        "mae": 0.32639798052582125,
        "mi": 2.136773804785787,
        "corr": 0.9937633462467274,
        "time_taken": 958.3598470687866
    },
    "bafu_mae": {
        "algorithm": "iim",
        "metric_used_for_optimization": "mae",
        "optimization_method": "bayesian_optimization",
        "best_params": {
            "learning_neighbours": 100
        },
        "rmse": 0.4478781953269716,
        "mae": 0.32639798052582125,
        "mi": 2.136773804785787,
        "corr": 0.9937633462467274,
        "time_taken": 930.8951835632324
    },
    "bafu_mi": {
        "algorithm": "iim",
        "metric_used_for_optimization": "mi",
        "optimization_method": "bayesian_optimization",
        "best_params": {
            "learning_neighbours": 12
        },
        "rmse": 0.4579988284421471,
        "mae": 0.33706873282147154,
        "mi": 2.134550481875817,
        "corr": 0.9936194410734273,
        "time_taken": 117.23674249649048
    },
    "bafu_mi_corr": {
        "algorithm": "iim",
        "metric_used_for_optimization": "mi_corr",
        "optimization_method": "bayesian_optimization",
        "best_params": {
            "learning_neighbours": 1
        },
        "rmse": 0.4666198123762452,
        "mae": 0.3495290893760539,
        "mi": 2.094250321445368,
        "corr": 0.9936865227440025,
        "time_taken": 12.199736595153809
    },
    "bafu_rmse": {
        "algorithm": "iim",
        "metric_used_for_optimization": "rmse",
        "optimization_method": "bayesian_optimization",
        "best_params": {
            "learning_neighbours": 100
        },
        "rmse": 0.4478781953269716,
        "mae": 0.32639798052582125,
        "mi": 2.136773804785787,
        "corr": 0.9937633462467274,
        "time_taken": 902.1232666969299
    },
    "bafu_rmse_mae": {
        "algorithm": "iim",
        "metric_used_for_optimization": "rmse_mae",
        "optimization_method": "bayesian_optimization",
        "best_params": {
            "learning_neighbours": 100
        },
        "rmse": 0.4478781953269716,
        "mae": 0.32639798052582125,
        "mi": 2.136773804785787,
        "corr": 0.9937633462467274,
        "time_taken": 920.1929755210876
    },
    "chlorine_corr": {
        "algorithm": "iim",
        "metric_used_for_optimization": "corr",
        "optimization_method": "bayesian_optimization",
        "best_params": {
            "learning_neighbours": 1
        },
        "rmse": 0.21653603556709722,
        "mae": 0.15822058244810674,
        "mi": 1.1048800252835909,
        "corr": 0.7727859469802364,
        "time_taken": 0.578876256942749
    },
    "chlorine_mae": {
        "algorithm": "iim",
        "metric_used_for_optimization": "mae",
        "optimization_method": "bayesian_optimization",
        "best_params": {
            "learning_neighbours": 1
        },
        "rmse": 0.21653603556709722,
        "mae": 0.15822058244810674,
        "mi": 1.1048800252835909,
        "corr": 0.7727859469802364,
        "time_taken": 0.6416120529174805
    },
    "chlorine_mi": {
        "algorithm": "iim",
        "metric_used_for_optimization": "mi",
        "optimization_method": "bayesian_optimization",
        "best_params": {
            "learning_neighbours": 23
        },
        "rmse": 0.1890260829643154,
        "mae": 0.12720377688390003,
        "mi": 1.0569381609899713,
        "corr": 0.7770665185735597,
        "time_taken": 10.717911720275879
    },
    "chlorine_mi_corr": {
        "algorithm": "iim",
        "metric_used_for_optimization": "mi_corr",
        "optimization_method": "bayesian_optimization",
        "best_params": {
            "learning_neighbours": 1
        },
        "rmse": 0.21653603556709722,
        "mae": 0.15822058244810674,
        "mi": 1.1048800252835909,
        "corr": 0.7727859469802364,
        "time_taken": 0.5817568302154541
    },
    "chlorine_rmse": {
        "algorithm": "iim",
        "metric_used_for_optimization": "rmse",
        "optimization_method": "bayesian_optimization",
        "best_params": {
            "learning_neighbours": 1
        },
        "rmse": 0.21653603556709722,
        "mae": 0.15822058244810674,
        "mi": 1.1048800252835909,
        "corr": 0.7727859469802364,
        "time_taken": 0.6267788410186768
    },
    "climate_corr": {
        "algorithm": "iim",
        "metric_used_for_optimization": "corr",
        "optimization_method": "bayesian_optimization",
        "best_params": {
            "learning_neighbours": 22
        },
        "rmse": 187.78968463425792,
        "mae": 74.20404330058784,
        "mi": 1.3913428274587747,
        "corr": 0.9428601590864212,
        "time_taken": 12.202803134918213
    },
    "climate_mae": {
        "algorithm": "iim",
        "metric_used_for_optimization": "mae",
        "optimization_method": "bayesian_optimization",
        "best_params": {
            "learning_neighbours": 47
        },
        "rmse": 188.46105975112297,
        "mae": 72.56903156922662,
        "mi": 1.3937267170244398,
        "corr": 0.9410779721680854,
        "time_taken": 26.272596836090088
    },
    "climate_mi": {
        "algorithm": "iim",
        "metric_used_for_optimization": "mi",
        "optimization_method": "bayesian_optimization",
        "best_params": {
            "learning_neighbours": 1
        },
        "rmse": 202.2297305765079,
        "mae": 90.196312206944,
        "mi": 1.2762138769915823,
        "corr": 0.9375423531154727,
        "time_taken": 0.6975805759429932
    },
    "climate_mi_corr": {
        "algorithm": "iim",
        "metric_used_for_optimization": "mi_corr",
        "optimization_method": "bayesian_optimization",
        "best_params": {
            "learning_neighbours": 11
        },
        "rmse": 190.5448487063062,
        "mae": 77.19454252420103,
        "mi": 1.3569338408077996,
        "corr": 0.9422037025492853,
        "time_taken": 6.1800596714019775
    },
    "climate_rmse": {
        "algorithm": "iim",
        "metric_used_for_optimization": "rmse",
        "optimization_method": "bayesian_optimization",
        "best_params": {
            "learning_neighbours": 31
        },
        "rmse": 187.49027379986964,
        "mae": 73.27409728912261,
        "mi": 1.3875683197462454,
        "corr": 0.942413968082629,
        "time_taken": 14.969549417495728
    },
    "drift_corr": {
        "algorithm": "iim",
        "metric_used_for_optimization": "corr",
        "optimization_method": "bayesian_optimization",
        "best_params": {
            "learning_neighbours": 3
        },
        "rmse": 11608.69577945632,
        "mae": 2950.239023951479,
        "mi": 2.485919913583377,
        "corr": 0.9572303251177507,
        "time_taken": 1.0172345638275146
    },
    "drift_mae": {
        "algorithm": "iim",
        "metric_used_for_optimization": "mae",
        "optimization_method": "bayesian_optimization",
        "best_params": {
            "learning_neighbours": 1
        },
        "rmse": 9939.461993685796,
        "mae": 2815.3526141,
        "mi": 2.5117649463042366,
        "corr": 0.9818593685879646,
        "time_taken": 0.3978428840637207
    },
    "drift_mi": {
        "algorithm": "iim",
        "metric_used_for_optimization": "mi",
        "optimization_method": "bayesian_optimization",
        "best_params": {
            "learning_neighbours": 4
        },
        "rmse": 11796.073029694988,
        "mae": 2942.9493598425943,
        "mi": 2.491693528574184,
        "corr": 0.9469410453563266,
        "time_taken": 1.2932531833648682
    },
    "drift_mi_corr": {
        "algorithm": "iim",
        "metric_used_for_optimization": "mi_corr",