{
    "bafu_corr": {
        "algorithm": "iim",
        "metric_used_for_optimization": "corr",
        "optimization_method": "succesive_halving",
        "best_params": {
            "learning_neighbours": 90
        },
        "rmse": 0.15882826623025095,
        "mae": 0.09713774639016735,
        "mi": 2.1855838003403116,
        "corr": 0.9984585284649178,
        "time_taken": 389.3491129875183
    },
    "bafu_mae": {
        "algorithm": "iim",
        "metric_used_for_optimization": "mae",
        "optimization_method": "bayesian_optimization",
        "best_params": {
            "learning_neighbours": 100
        },
        "rmse": 0.1589826509513286,
        "mae": 0.0972475449419196,
        "mi": 2.184905501748405,
        "corr": 0.998451050577118,
        "time_taken": 438.95962858200073
    },
    "bafu_mi": {
        "algorithm": "iim",
        "metric_used_for_optimization": "mi",
        "optimization_method": "succesive_halving",
        "best_params": {
            "learning_neighbours": 18
        },
        "rmse": 0.16649864171971582,
        "mae": 0.0976037043563589,
        "mi": 2.1770050078708785,
        "corr": 0.9984172852734909,
        "time_taken": 94.97423148155212
    },
    "bafu_mi_corr": {
        "algorithm": "iim",
        "metric_used_for_optimization": "mi_corr",
        "optimization_method": "succesive_halving",
        "best_params": {
            "learning_neighbours": 12
        },
        "rmse": 0.16729302510021485,
        "mae": 0.0978006307965873,
        "mi": 2.18993109587377,
        "corr": 0.9984153765933261,
        "time_taken": 62.756773710250854
    },
    "bafu_rmse": {
        "algorithm": "iim",
        "metric_used_for_optimization": "rmse",
        "optimization_method": "bayesian_optimization",
        "best_params": {
            "learning_neighbours": 100
        },
        "rmse": 0.1589826509513286,
        "mae": 0.0972475449419196,
        "mi": 2.184905501748405,
        "corr": 0.998451050577118,
        "time_taken": 475.7639741897583
    },
    "bafu_rmse_mae": {
        "algorithm": "iim",
        "metric_used_for_optimization": "rmse_mae",
        "optimization_method": "bayesian_optimization",
        "best_params": {
            "learning_neighbours": 100
        },
        "rmse": 0.1589826509513286,
        "mae": 0.0972475449419196,
        "mi": 2.184905501748405,
        "corr": 0.998451050577118,
        "time_taken": 478.7430012226105
    },
    "chlorine_corr": {
        "algorithm": "iim",
        "metric_used_for_optimization": "corr",
        "optimization_method": "succesive_halving",
        "best_params": {
            "learning_neighbours": 12
        },
        "rmse": 0.6496408993635945,
        "mae": 0.6069041333802038,
        "mi": 0.7209755688474151,
        "corr": 0.14783030451254178,
        "time_taken": 45.786452293395996
    },
    "chlorine_mae": {
        "algorithm": "iim",
        "metric_used_for_optimization": "mae",
        "optimization_method": "bayesian_optimization",
        "best_params": {
            "learning_neighbours": 1
        },
        "rmse": 0.644946528035485,
        "mae": 0.6024202758707928,
        "mi": 0.7497274927035278,
        "corr": 0.17898148227980393,
        "time_taken": 5.75185227394104
    },
    "chlorine_mi": {
        "algorithm": "iim",
        "metric_used_for_optimization": "mi",
        "optimization_method": "succesive_halving",
        "best_params": {
            "learning_neighbours": 28
        },
        "rmse": 0.6587421971525693,
        "mae": 0.6152900687199382,
        "mi": 0.8273250297260857,
        "corr": 0.017538353834213788,
        "time_taken": 98.65102696418762
    },
    "chlorine_mi_corr": {
        "algorithm": "iim",
        "metric_used_for_optimization": "mi_corr",
        "optimization_method": "bayesian_optimization",
        "best_params": {
            "learning_neighbours": 1
        },
        "rmse": 0.644946528035485,
        "mae": 0.6024202758707928,
        "mi": 0.7497274927035278,
        "corr": 0.17898148227980393,
        "time_taken": 5.839493989944458
    },
    "chlorine_rmse": {
        "algorithm": "iim",
        "metric_used_for_optimization": "rmse",
        "optimization_method": "bayesian_optimization",
        "best_params": {
            "learning_neighbours": 1
        },
        "rmse": 0.644946528035485,
        "mae": 0.6024202758707928,
        "mi": 0.7497274927035278,
        "corr": 0.17898148227980393,
        "time_taken": 5.9810497760772705
    },
    "chlorine_rmse_mae": {
        "algorithm": "iim",
        "metric_used_for_optimization": "rmse_mae",
        "optimization_method": "succesive_halving",
        "best_params": {
            "learning_neighbours": 21
        },
        "rmse": 0.6553721495252084,
        "mae": 0.6122889539893761,
        "mi": 0.753171141169938,
        "corr": 0.0987928166489465,
        "time_taken": 78.92475843429565
    },
    "climate_corr": {
        "algorithm": "iim",
        "metric_used_for_optimization": "corr",
        "optimization_method": "bayesian_optimization",
        "best_params": {
            "learning_neighbours": 22
        },
        "rmse": 263.3468834494079,
        "mae": 103.93557608491149,
        "mi": 1.398037527914402,
        "corr": 0.8785017856374036,
        "time_taken": 91.9645779132843
    },
    "climate_mae": {
        "algorithm": "iim",
        "metric_used_for_optimization": "mae",
        "optimization_method": "bayesian_optimization",
        "best_params": {
            "learning_neighbours": 47
        },
        "rmse": 235.6368483633227,
        "mae": 96.35421462053175,
        "mi": 1.463470063223805,
        "corr": 0.8954548167886835,
        "time_taken": 194.2149097919464
    },
    "climate_mi": {
        "algorithm": "iim",
        "metric_used_for_optimization": "mi",
        "optimization_method": "succesive_halving",
        "best_params": {
            "learning_neighbours": 11
        },
        "rmse": 267.58124469962604,
        "mae": 107.85760060686087,
        "mi": 1.3951775760776002,
        "corr": 0.8757445387432201,
        "time_taken": 49.417222023010254
    },
    "climate_mi_corr": {
        "algorithm": "iim",
        "metric_used_for_optimization": "mi_corr",
        "optimization_method": "bayesian_optimization",
        "best_params": {
            "learning_neighbours": 11
        },
        "rmse": 267.58124469962604,
        "mae": 107.85760060686087,
        "mi": 1.3951775760776002,
        "corr": 0.8757445387432201,
        "time_taken": 48.318567752838135
    },
    "climate_rmse": {
        "algorithm": "iim",
        "metric_used_for_optimization": "rmse",
        "optimization_method": "bayesian_optimization",
        "best_params": {
            "learning_neighbours": 31
        },
        "rmse": 258.45984165708444,
        "mae": 100.95775360467496,
        "mi": 1.3811326157597512,
        "corr": 0.8812721324487435,
        "time_taken": 126.06976509094238
    },
    "climate_rmse_mae": {
        "algorithm": "iim",
        "metric_used_for_optimization": "rmse_mae",
        "optimization_method": "succesive_halving",
        "best_params": {
            "learning_neighbours": 39
        },
        "rmse": 248.52837860559487,
        "mae": 97.76696181497145,
        "mi": 1.4750447848313986,
        "corr": 0.8875365293710934,
        "time_taken": 161.4724144935608
    },
    "drift_corr": {
        "algorithm": "iim",
        "metric_used_for_optimization": "corr",
        "optimization_method": "succesive_halving",
        "best_params": {
            "learning_neighbours": 1
        },
        "rmse": 9939.461993685796,
        "mae": 2815.3526141,
        "mi": 2.5117649463042366,
        "corr": 0.9818593685879646,
        "time_taken": 0.3719906806945801
    },
    "drift_mae": {
        "algorithm": "iim",
        "metric_used_for_optimization": "mae",