{
    "bafu": {
        "algorithm": "iim",
        "metric_used_for_optimization": "N/A",
        "optimization_method": "N/A",
        "best_params": {
            "learning_neighbours": 10
        },
        "rmse": 0.45845450898815526,
        "mae": 0.3378963517225366,
        "mi": 2.13577939039756,
        "corr": 0.9936301933747332,
        "time_taken": 70.80774784088135
    },
    "chlorine": {
        "algorithm": "iim",
        "metric_used_for_optimization": "N/A",
        "optimization_method": "N/A",
        "best_params": {
            "learning_neighbours": 10
        },
        "rmse": 0.20215417700061755,
        "mae": 0.1426791969873675,
        "mi": 1.072129431167952,
        "corr": 0.7809039361972332,
        "time_taken": 3.4594027996063232
    },
    "climate": {
        "algorithm": "iim",
        "metric_used_for_optimization": "N/A",
        "optimization_method": "N/A",
        "best_params": {
            "learning_neighbours": 10
        },
        "rmse": 191.64434234725417,
        "mae": 77.82240910825597,
        "mi": 1.3607689245272994,
        "corr": 0.941630020131623,
        "time_taken": 4.118843078613281
    },
    "drift": {
        "algorithm": "iim",
        "metric_used_for_optimization": "N/A",
        "optimization_method": "N/A",
        "best_params": {
            "learning_neighbours": 10
        },
        "rmse": 12051.998016818541,
        "mae": 3024.2181802063706,
        "mi": 2.498429551583183,
        "corr": 0.94769775562496,
        "time_taken": 2.8286421298980713
    },
    "meteo": {
        "algorithm": "iim",
        "metric_used_for_optimization": "N/A",
        "optimization_method": "N/A",
        "best_params": {
            "learning_neighbours": 10
        },
        "rmse": 23.65415487928015,
        "mae": 14.48449638833468,
        "mi": 1.5219433205095196,
        "corr": 0.9672997208737468,
        "time_taken": 63.292561531066895
    }
}