{"bafu": {"best_params": {"rank": 9, "eps": 0, "iters": 744}, "best_score": 0.265773205720074, "dataset": "bafu", "time": 348.4016373157501}, "chlorine": {"best_params": {"rank": 9, "eps": 0, "iters": 970}, "best_score": 0.2565167192419035, "dataset": "chlorine", "time": 125.1843044757843}, "climate": {"best_params": {"rank": 3, "eps": 0, "iters": 582}, "best_score": 0.2779939765824092, "dataset": "climate", "time": 47.120195388793945}, "meteo": {"best_params": {"rank": 2, "eps": 0, "iters": 414}, "best_score": 0.26691702737344725, "dataset": "meteo", "time": 138.94610834121704}}