{
  "bafu": {
    "best_params": {
      "hidden_dim": 5,
      "learning_rate": 0.05455594781168514,
      "iterations": 85,
      "keep_prob": 4.641588833612782e-06
    },
    "best_score": 0.311804565426705,
    "dataset": "bafu",
    "time": 1068.1014244556427
  },
  "chlorine": {
    "best_params": {
      "hidden_dim": 5,
      "learning_rate": 1.0,
      "iterations": 45,
      "keep_prob": 0.00046415888336127773
    },
    "best_score": 0.20200446653125642,
    "dataset": "chlorine",
    "time": 4620.206505775452
  },
  "climate": {
    "best_params": {
      "hidden_dim": 7,
      "learning_rate": 0.0003359818286283781,
      "iterations": 95,
      "keep_prob": 1.0
    },
    "best_score": 139.5351436783982,
    "dataset": "climate",
    "time": 644.0030028820038
  },
  "drift": {
    "best_params": {
      "hidden_dim": 9,
      "learning_rate": 0.11288378916846883,
      "iterations": 5,
      "keep_prob": 0.00046415888336127773
    },
    "best_score": 3717.5124662897038,
    "dataset": "drift",
    "time": 3800.6457555294037
  },
  "meteo": {
    "best_params": {
      "hidden_dim": 7,
      "learning_rate": 1e-06,
      "iterations": 80,
      "keep_prob": 0.046415888336127725
    },
    "best_score": 6.278575897331313,
    "dataset": "meteo",
    "time": 792.4800868034363
  }
}
