{"meteo": {"best_params": {"learning_neighbours": 100}, "best_score": 17.328377440032817, "dataset": "meteo", "time": 17643.2587890625}}