{
  "bafu": {
    "best_params": [
      {
        "hidden_dim": 2,
        "learning_rate": 0.00615848211066026,
        "iterations": 75,
        "keep_prob": 0.0001
      }
    ],
    "best_score": 0.28840904344872464,
    "dataset": "bafu",
    "time": 4152.746162891388
  },
  "chlorine": {
    "best_params": [
      {
        "hidden_dim": 3,
        "learning_rate": 1.8329807108324375e-05,
        "iterations": 10,
        "keep_prob": 0.0001
      }
    ],
    "best_score": 0.4745717712838711,
    "dataset": "chlorine",
    "time": 12974.469915151596
  },
  "climate": {
    "best_params": [
      {
        "hidden_dim": 6,
        "learning_rate": 0.11288378916846883,
        "iterations": 5,
        "keep_prob": 0.21544346900318823
      }
    ],
    "best_score": 3896.6501245530967,
    "dataset": "climate",
    "time": 1687.5678911209106
  },
  "drift/drift10": {
    "best_params": {
      "hidden_dim": 8,
      "learning_rate": 0.0006951927961775605,
      "iterations": 30,
      "keep_prob": 0.01
    },
    "best_score": 695501.5513941156,
    "dataset": "drift/drift10",
    "time": 15922.084019184113
  },
  "meteo": {
    "best_params": {
      "hidden_dim": 0,
      "learning_rate": 0.00615848211066026,
      "iterations": 45,
      "keep_prob": 0.21544346900318823
    },
    "best_score": 9.183351980416035,
    "dataset": "meteo",
    "time": 3261.5260248184204
  }
}
