{
  "bafu": {
    "best_params": [
      {
        "window_size": 54,
        "gamma": 6.309573444801929e-05,
        "alpha": 1
      }
    ],
    "best_score": 0.16650896219443315,
    "dataset": "bafu",
    "time": 685.8888249397278
  },
  "chlorine": {
    "best_params": [
      {
        "window_size": 51,
        "gamma": 1e-06,
        "alpha": 8
      }
    ],
    "best_score": 0.12911528626977445,
    "dataset": "chlorine",
    "time": 3620.72625541687
  },
  "climate": {
    "best_params": [
      {
        "window_size": 30,
        "gamma": 6.309573444801929e-05,
        "alpha": 2
      }
    ],
    "best_score": 1701.491206905994,
    "dataset": "climate",
    "time": 30.815353393554688
  },
  "drift/drift10": {
    "best_params": {
      "window_size": 89,
      "gamma": 1e-06,
      "alpha": 1
    },
    "best_score": 163392.76999575488,
    "dataset": "drift/drift10",
    "time": 2316.821946620941
  },
  "meteo": {
    "best_params": {
      "window_size": 99,
      "gamma": 6.309573444801929e-05,
      "alpha": 9
    },
    "best_score": 1.4341480434443854,
    "dataset": "meteo",
    "time": 343.515184879303
  }
}
