{
  "bafu": {
    "best_params": {
      "hidden_dim": 4,
      "learning_rate": 1.0,
      "iterations": 90,
      "keep_prob": 2.1544346900318823e-05
    },
    "best_score": 0.39713442338693467,
    "dataset": "bafu",
    "time": 1085.2431921958923
  },
  "chlorine": {
    "best_params": {
      "hidden_dim": 5,
      "learning_rate": 4.281332398719396e-06,
      "iterations": 45,
      "keep_prob": 1e-06
    },
    "best_score": 0.789528893617736,
    "dataset": "chlorine",
    "time": 5193.644215583801
  },
  "climate": {
    "best_params": {
      "hidden_dim": 8,
      "learning_rate": 1.0,
      "iterations": 60,
      "keep_prob": 0.046415888336127725
    },
    "best_score": 0.3689538165747305,
    "dataset": "climate",
    "time": 647.4239139556885
  },
  "drift": {
    "best_params": {
      "hidden_dim": 1,
      "learning_rate": 0.00615848211066026,
      "iterations": 50,
      "keep_prob": 0.21544346900318823
    },
    "best_score": 0.31876891688646486,
    "dataset": "drift",
    "time": 3934.180038690567
  },
  "meteo": {
    "best_params": {
      "hidden_dim": 3,
      "learning_rate": 1.8329807108324375e-05,
      "iterations": 70,
      "keep_prob": 1e-06
    },
    "best_score": 0.300577843773264,
    "dataset": "meteo",
    "time": 844.9327347278595
  }
}
