{
  "bafu": {
    "best_params": [
      {
        "rank": 9,
        "eps": 0.21544346900318823,
        "iters": 200
      }
    ],
    "best_score": 0.147235035011443,
    "dataset": "bafu",
    "time": 179.4886794090271
  },
  "chlorine": {
    "best_params": [
      {
        "rank": 9,
        "eps": 0.046415888336127725,
        "iters": 700
      }
    ],
    "best_score": 0.13608658684764988,
    "dataset": "chlorine",
    "time": 25.431581020355225
  },
  "climate": {
    "result": [
      {
        "rank": 3,
        "eps": 1.0,
        "iters": 800
      }
    ],
    "best_score": 1214.022433705954,
    "dataset": "climate",
    "time": 57.90744733810425
  },
  "drift/drift10": {
    "best_params": {
      "rank": 5,
      "eps": 1e-06,
      "iters": 1000
    },
    "best_score": 18649.35052010641,
    "dataset": "drift/drift10",
    "time": 452.24591994285583
  }
}
