{
  "bafu": {
    "result": [
      {
        "rank": 9,
        "eps": 0.21544346900318823,
        "iters": 200
      },
      0.147235035011443
    ],
    "dataset": "bafu",
    "time": 179.4886794090271
  },
  "chlorine": {
    "result": [
      {
        "rank": 9,
        "eps": 0.046415888336127725,
        "iters": 700
      },
      0.13608658684764988
    ],
    "dataset": "chlorine",
    "time": 25.431581020355225
  },
  "climate": {
    "result": [
      {
        "rank": 3,
        "eps": 1.0,
        "iters": 800
      },
      1214.022433705954
    ],
    "dataset": "climate",
    "time": 57.90744733810425
  }
}