{"bafu": {"best_params": {"rank": 9, "eps": 1.0, "iters": 230}, "best_score": 0.14723503501144328, "dataset": "bafu", "time": 153.9817545413971}, "chlorine": {"best_params": {"rank": 9, "eps": 1.0, "iters": 100}, "best_score": 0.13608658684764982, "dataset": "chlorine", "time": 67.06838202476501}, "climate": {"best_params": {"rank": 9, "eps": 0.10723200263464157, "iters": 700}, "best_score": 1590.960028221794, "dataset": "climate", "time": 75.71552300453186}}