{"meteo": {"best_params": {"learning_neighbours": 36}, "best_score": 0.2862974532850487, "dataset": "meteo", "time": 101386.23357629776}}