{
    "bafu_corr": {
        "algorithm": "stmvl",
        "metric_used_for_optimization": "corr",
        "optimization_method": "succesive_halving",
        "best_params": {
            "window_size": 89,
            "gamma": 0.003981071705534969,
            "alpha": 1
        },
        "rmse": 0.07320191995832397,
        "mae": 0.04454637611060253,
        "mi": 2.966821205097557,
        "corr": 0.9996645497042418,
        "time_taken": 0.08852720260620117
    },
    "bafu_mae": {
        "algorithm": "stmvl",
        "metric_used_for_optimization": "mae",
        "optimization_method": "bayesian_optimization",
        "best_params": {
            "window_size": 99,
            "gamma": 0.00032243633448374805,
            "alpha": 1
        },
        "rmse": 0.07221022208527385,
        "mae": 0.044023357461087785,
        "mi": 2.9805731131220594,
        "corr": 0.999674779213307,
        "time_taken": 0.09508490562438965
    },
    "bafu_mi": {
        "algorithm": "stmvl",
        "metric_used_for_optimization": "mi",
        "optimization_method": "bayesian_optimization",
        "best_params": {
            "window_size": 99,
            "gamma": 0.6141055066310172,
            "alpha": 1
        },
        "rmse": 0.0742362681664877,
        "mae": 0.044065355821684714,
        "mi": 3.0048946299644563,
        "corr": 0.9996547185152077,
        "time_taken": 0.09621715545654297
    },
    "bafu_mi_corr": {
        "algorithm": "stmvl",
        "metric_used_for_optimization": "mi_corr",
        "optimization_method": "bayesian_optimization",
        "best_params": {
            "window_size": 35,
            "gamma": 5.6114008727707866e-05,
            "alpha": 2
        },
        "rmse": 0.08250747222435248,
        "mae": 0.0504737968713716,
        "mi": 2.9203334070653106,
        "corr": 0.9995629359524645,
        "time_taken": 0.04650306701660156
    },
    "bafu_rmse": {
        "algorithm": "stmvl",
        "metric_used_for_optimization": "rmse",
        "optimization_method": "bayesian_optimization",
        "best_params": {
            "window_size": 96,
            "gamma": 1.2100675864142366e-06,
            "alpha": 1
        },
        "rmse": 0.07235934690281158,
        "mae": 0.0440658503636544,
        "mi": 2.9700125130765556,
        "corr": 0.9996731589498431,
        "time_taken": 0.09470105171203613
    },
    "bafu_rmse_mae": {
        "algorithm": "stmvl",
        "metric_used_for_optimization": "rmse_mae",
        "optimization_method": "bayesian_optimization",
        "best_params": {
            "window_size": 99,
            "gamma": 1e-06,
            "alpha": 1
        },
        "rmse": 0.07221037509680198,
        "mae": 0.04402381792860237,
        "mi": 2.980241548135322,
        "corr": 0.9996747780069011,
        "time_taken": 0.09551525115966797
    },
    "chlorine_corr": {
        "algorithm": "stmvl",
        "metric_used_for_optimization": "corr",
        "optimization_method": "bayesian_optimization",
        "best_params": {
            "window_size": 37,
            "gamma": 0.029083763101608137,
            "alpha": 4
        },
        "rmse": 0.006856724340175853,
        "mae": 0.004701724203993514,
        "mi": 3.557536941283863,
        "corr": 0.9995531087630641,
        "time_taken": 0.038927316665649414
    },
    "chlorine_mae": {
        "algorithm": "stmvl",
        "metric_used_for_optimization": "mae",
        "optimization_method": "succesive_halving",
        "best_params": {
            "window_size": 25,
            "gamma": 0.0630957344480193,
            "alpha": 4
        },
        "rmse": 0.006995818455647824,
        "mae": 0.004824282813786847,
        "mi": 3.537013641174032,
        "corr": 0.9995355442882538,
        "time_taken": 0.028896331787109375
    },
    "chlorine_mi": {
        "algorithm": "stmvl",
        "metric_used_for_optimization": "mi",
        "optimization_method": "bayesian_optimization",
        "best_params": {
            "window_size": 30,
            "gamma": 2.2585723199362597e-05,
            "alpha": 6
        },
        "rmse": 0.007425777061104978,
        "mae": 0.005161692507137684,
        "mi": 3.4607228844284057,
        "corr": 0.9994748120389285,
        "time_taken": 0.034192800521850586
    },
    "chlorine_mi_corr": {
        "algorithm": "stmvl",
        "metric_used_for_optimization": "mi_corr",
        "optimization_method": "bayesian_optimization",
        "best_params": {
            "window_size": 71,
            "gamma": 0.0070224656785417856,
            "alpha": 5
        },
        "rmse": 0.006979134080470264,
        "mae": 0.0047627973149582175,
        "mi": 3.5708258901680825,
        "corr": 0.9995346078215037,
        "time_taken": 0.06246757507324219
    },
    "chlorine_rmse": {
        "algorithm": "stmvl",
        "metric_used_for_optimization": "rmse",
        "optimization_method": "succesive_halving",
        "best_params": {
            "window_size": 27,
            "gamma": 3.981071705534969e-06,
            "alpha": 3
        },
        "rmse": 0.007016696684811667,
        "mae": 0.004813648850479237,
        "mi": 3.566135053175879,
        "corr": 0.9995349343287412,
        "time_taken": 0.031122207641601562
    },
    "chlorine_rmse_mae": {
        "algorithm": "stmvl",
        "metric_used_for_optimization": "rmse_mae",
        "optimization_method": "succesive_halving",
        "best_params": {
            "window_size": 37,
            "gamma": 0.0630957344480193,
            "alpha": 4
        },
        "rmse": 0.006782869935901026,
        "mae": 0.0046482142157479815,
        "mi": 3.5659489039778802,
        "corr": 0.9995627598323564,
        "time_taken": 0.03860187530517578
    },
    "climate_corr": {
        "algorithm": "stmvl",
        "metric_used_for_optimization": "corr",
        "optimization_method": "succesive_halving",
        "best_params": {
            "window_size": 55,
            "gamma": 0.2511886431509577,
            "alpha": 3
        },
        "rmse": 127.48247659145893,
        "mae": 66.45591524617004,
        "mi": 1.3235779327240729,
        "corr": 0.9705252550144626,
        "time_taken": 0.06631612777709961
    },
    "climate_mae": {
        "algorithm": "stmvl",
        "metric_used_for_optimization": "mae",
        "optimization_method": "bayesian_optimization",
        "best_params": {
            "window_size": 99,
            "gamma": 0.999999,
            "alpha": 1
        },
        "rmse": 97.54105655021966,
        "mae": 48.37649489707433,
        "mi": 1.551558308770899,
        "corr": 0.9827559745914441,
        "time_taken": 0.10304427146911621
    },
    "climate_mi": {
        "algorithm": "stmvl",
        "metric_used_for_optimization": "mi",
        "optimization_method": "succesive_halving",
        "best_params": {
            "window_size": 77,
            "gamma": 0.003981071705534969,
            "alpha": 4
        },
        "rmse": 143.96814405933762,
        "mae": 71.68662449254421,
        "mi": 1.2614962772055165,
        "corr": 0.9624788042852047,
        "time_taken": 0.08517670631408691
    },
    "climate_mi_corr": {
        "algorithm": "stmvl",
        "metric_used_for_optimization": "mi_corr",
        "optimization_method": "bayesian_optimization",
        "best_params": {
            "window_size": 60,
            "gamma": 0.999999,
            "alpha": 2
        },
        "rmse": 101.72587496476979,
        "mae": 49.570972196712454,
        "mi": 1.4745291813284935,
        "corr": 0.9811870570697139,
        "time_taken": 0.07209300994873047
    },
    "climate_rmse": {
        "algorithm": "stmvl",
        "metric_used_for_optimization": "rmse",
        "optimization_method": "bayesian_optimization",
        "best_params": {
            "window_size": 99,
            "gamma": 0.999999,
            "alpha": 1
        },
        "rmse": 97.54105655021966,
        "mae": 48.37649489707433,