{
    "bafu_corr": {
        "algorithm": "stmvl",
        "metric_used_for_optimization": "corr",
        "optimization_method": "succesive_halving",
        "best_params": {
            "window_size": 89,
            "gamma": 0.003981071705534969,
            "alpha": 1
        },
        "rmse": 0.024903880190521577,
        "mae": 0.013970808160657773,
        "mi": 2.8171702318471015,
        "corr": 0.99995371523029,
        "time_taken": 0.07976508140563965
    },
    "bafu_mae": {
        "algorithm": "stmvl",
        "metric_used_for_optimization": "mae",
        "optimization_method": "bayesian_optimization",
        "best_params": {
            "window_size": 99,
            "gamma": 0.00032243633448374805,
            "alpha": 1
        },
        "rmse": 0.024110410387201676,
        "mae": 0.013682974963562449,
        "mi": 2.8217364418927637,
        "corr": 0.9999566277677434,
        "time_taken": 0.08397483825683594
    },
    "bafu_mi": {
        "algorithm": "stmvl",
        "metric_used_for_optimization": "mi",
        "optimization_method": "bayesian_optimization",
        "best_params": {
            "window_size": 99,
            "gamma": 0.6141055066310172,
            "alpha": 1
        },
        "rmse": 0.023945667661383053,
        "mae": 0.012912719681774031,
        "mi": 2.8309014777701274,
        "corr": 0.9999567565188838,
        "time_taken": 0.08397960662841797
    },
    "bafu_mi_corr": {
        "algorithm": "stmvl",
        "metric_used_for_optimization": "mi_corr",
        "optimization_method": "bayesian_optimization",
        "best_params": {
            "window_size": 35,
            "gamma": 5.6114008727707866e-05,
            "alpha": 2
        },
        "rmse": 0.031063390094008075,
        "mae": 0.01692534472540945,
        "mi": 2.801286344045405,
        "corr": 0.9999288026245311,
        "time_taken": 0.04068303108215332
    },
    "bafu_rmse": {
        "algorithm": "stmvl",
        "metric_used_for_optimization": "rmse",
        "optimization_method": "bayesian_optimization",
        "best_params": {
            "window_size": 96,
            "gamma": 1.2100675864142366e-06,
            "alpha": 1
        },
        "rmse": 0.024297884271361522,
        "mae": 0.013780187084718789,
        "mi": 2.819453336869932,
        "corr": 0.9999559730288791,
        "time_taken": 0.08159160614013672
    },
    "bafu_rmse_mae": {
        "algorithm": "stmvl",
        "metric_used_for_optimization": "rmse_mae",
        "optimization_method": "bayesian_optimization",
        "best_params": {
            "window_size": 99,
            "gamma": 1e-06,
            "alpha": 1
        },
        "rmse": 0.02410821115391675,
        "mae": 0.013682077815940842,
        "mi": 2.8217364418927637,
        "corr": 0.9999566355448577,
        "time_taken": 0.08459186553955078
    },
    "chlorine_corr": {
        "algorithm": "stmvl",
        "metric_used_for_optimization": "corr",
        "optimization_method": "bayesian_optimization",
        "best_params": {
            "window_size": 37,
            "gamma": 0.029083763101608137,
            "alpha": 4
        },
        "rmse": 0.002809895699927748,
        "mae": 0.001959946334488491,
        "mi": 2.601565963276065,
        "corr": 0.9999306225139509,
        "time_taken": 0.035657405853271484
    },
    "chlorine_mae": {
        "algorithm": "stmvl",
        "metric_used_for_optimization": "mae",
        "optimization_method": "succesive_halving",
        "best_params": {
            "window_size": 25,
            "gamma": 0.0630957344480193,
            "alpha": 4
        },
        "rmse": 0.0029306320791800456,
        "mae": 0.0020387524866730764,
        "mi": 2.594647724282355,
        "corr": 0.9999208950109397,
        "time_taken": 0.02740025520324707
    },
    "chlorine_mi": {
        "algorithm": "stmvl",
        "metric_used_for_optimization": "mi",
        "optimization_method": "bayesian_optimization",
        "best_params": {
            "window_size": 30,
            "gamma": 2.2585723199362597e-05,
            "alpha": 6
        },
        "rmse": 0.003199956582384356,
        "mae": 0.0021416982488829815,
        "mi": 2.599993636232041,
        "corr": 0.9999094745758137,
        "time_taken": 0.03146648406982422
    },
    "chlorine_mi_corr": {
        "algorithm": "stmvl",
        "metric_used_for_optimization": "mi_corr",
        "optimization_method": "bayesian_optimization",
        "best_params": {
            "window_size": 71,
            "gamma": 0.0070224656785417856,
            "alpha": 5
        },
        "rmse": 0.003034563790718629,
        "mae": 0.002116466350755977,
        "mi": 2.5924464664207196,
        "corr": 0.9999177623950821,
        "time_taken": 0.05932950973510742
    },
    "chlorine_rmse": {
        "algorithm": "stmvl",
        "metric_used_for_optimization": "rmse",
        "optimization_method": "succesive_halving",
        "best_params": {
            "window_size": 27,
            "gamma": 3.981071705534969e-06,
            "alpha": 3
        },
        "rmse": 0.0030477406149648275,
        "mae": 0.0021446145728438873,
        "mi": 2.59684898214399,
        "corr": 0.9999150259604731,
        "time_taken": 0.028888702392578125
    },
    "chlorine_rmse_mae": {
        "algorithm": "stmvl",
        "metric_used_for_optimization": "rmse_mae",
        "optimization_method": "succesive_halving",
        "best_params": {
            "window_size": 37,
            "gamma": 0.0630957344480193,
            "alpha": 4
        },
        "rmse": 0.0026877811605220516,
        "mae": 0.0018803988342315078,
        "mi": 2.601565963276065,
        "corr": 0.9999364804888816,
        "time_taken": 0.035401344299316406
    },
    "climate_corr": {
        "algorithm": "stmvl",
        "metric_used_for_optimization": "corr",
        "optimization_method": "succesive_halving",
        "best_params": {
            "window_size": 55,
            "gamma": 0.2511886431509577,
            "alpha": 3
        },
        "rmse": 109.44564493917576,
        "mae": 42.274036932681966,
        "mi": 1.5181852992601172,
        "corr": 0.9826774997779391,
        "time_taken": 0.06266212463378906
    },
    "climate_mae": {
        "algorithm": "stmvl",
        "metric_used_for_optimization": "mae",
        "optimization_method": "bayesian_optimization",
        "best_params": {
            "window_size": 99,
            "gamma": 0.999999,
            "alpha": 1
        },
        "rmse": 114.07958866634708,
        "mae": 46.62378164662379,
        "mi": 1.5742530808331199,
        "corr": 0.9810380956051181,
        "time_taken": 0.0987539291381836
    },
    "climate_mi": {
        "algorithm": "stmvl",
        "metric_used_for_optimization": "mi",
        "optimization_method": "succesive_halving",
        "best_params": {
            "window_size": 77,
            "gamma": 0.003981071705534969,
            "alpha": 4
        },
        "rmse": 110.11363501682135,
        "mae": 46.787485606272455,
        "mi": 1.463468106697917,
        "corr": 0.9823226908918964,
        "time_taken": 0.08050179481506348
    },
    "climate_mi_corr": {
        "algorithm": "stmvl",
        "metric_used_for_optimization": "mi_corr",
        "optimization_method": "bayesian_optimization",
        "best_params": {
            "window_size": 60,
            "gamma": 0.999999,
            "alpha": 2
        },
        "rmse": 134.63395371550664,
        "mae": 49.9210349675759,
        "mi": 1.5405270051280278,
        "corr": 0.9733364237749227,
        "time_taken": 0.06830596923828125
    },
    "climate_rmse": {
        "algorithm": "stmvl",
        "metric_used_for_optimization": "rmse",
        "optimization_method": "bayesian_optimization",
        "best_params": {
            "window_size": 99,
            "gamma": 0.999999,
            "alpha": 1
        },
        "rmse": 114.07958866634708,
        "mae": 46.62378164662379,