{
    "bafu_corr": {
        "algorithm": "stmvl",
        "metric_used_for_optimization": "corr",
        "optimization_method": "succesive_halving",
        "best_params": {
            "window_size": 89,
            "gamma": 0.003981071705534969,
            "alpha": 1
        },
        "rmse": 0.05671978211517372,
        "mae": 0.03264489446931745,
        "mi": 3.2501118019144952,
        "corr": 0.999778378091399,
        "time_taken": 0.08139896392822266
    },
    "bafu_mae": {
        "algorithm": "stmvl",
        "metric_used_for_optimization": "mae",
        "optimization_method": "bayesian_optimization",
        "best_params": {
            "window_size": 99,
            "gamma": 0.00032243633448374805,
            "alpha": 1
        },
        "rmse": 0.05555163424363624,
        "mae": 0.03227040575197668,
        "mi": 3.256267436590657,
        "corr": 0.9997875144103903,
        "time_taken": 0.08807682991027832
    },
    "bafu_mi": {
        "algorithm": "stmvl",
        "metric_used_for_optimization": "mi",
        "optimization_method": "bayesian_optimization",
        "best_params": {
            "window_size": 99,
            "gamma": 0.6141055066310172,
            "alpha": 1
        },
        "rmse": 0.056739606426894934,
        "mae": 0.03203966796761631,
        "mi": 3.289850384532099,
        "corr": 0.9997794470090585,
        "time_taken": 0.08910512924194336
    },
    "bafu_mi_corr": {
        "algorithm": "stmvl",
        "metric_used_for_optimization": "mi_corr",
        "optimization_method": "bayesian_optimization",
        "best_params": {
            "window_size": 35,
            "gamma": 5.6114008727707866e-05,
            "alpha": 2
        },
        "rmse": 0.06604453425920974,
        "mae": 0.03810051017600545,
        "mi": 3.204638830205907,
        "corr": 0.9996960323261814,
        "time_taken": 0.04365253448486328
    },
    "bafu_rmse": {
        "algorithm": "stmvl",
        "metric_used_for_optimization": "rmse",
        "optimization_method": "bayesian_optimization",
        "best_params": {
            "window_size": 96,
            "gamma": 1.2100675864142366e-06,
            "alpha": 1
        },
        "rmse": 0.05568248416837212,
        "mae": 0.03224151696341657,
        "mi": 3.256748337269514,
        "corr": 0.9997864547292878,
        "time_taken": 0.08828401565551758
    },
    "bafu_rmse_mae": {
        "algorithm": "stmvl",
        "metric_used_for_optimization": "rmse_mae",
        "optimization_method": "bayesian_optimization",
        "best_params": {
            "window_size": 99,
            "gamma": 1e-06,
            "alpha": 1
        },
        "rmse": 0.05555137573497124,
        "mae": 0.03227136618839697,
        "mi": 3.2556129863288783,
        "corr": 0.9997875160528641,
        "time_taken": 0.08934330940246582
    },
    "chlorine_corr": {
        "algorithm": "stmvl",
        "metric_used_for_optimization": "corr",
        "optimization_method": "bayesian_optimization",
        "best_params": {
            "window_size": 37,
            "gamma": 0.029083763101608137,
            "alpha": 4
        },
        "rmse": 0.005538728225275654,
        "mae": 0.003673633145194066,
        "mi": 3.5885453919759875,
        "corr": 0.9996836762519891,
        "time_taken": 0.03715944290161133
    },
    "chlorine_mae": {
        "algorithm": "stmvl",
        "metric_used_for_optimization": "mae",
        "optimization_method": "succesive_halving",
        "best_params": {
            "window_size": 25,
            "gamma": 0.0630957344480193,
            "alpha": 4
        },
        "rmse": 0.005543596997276282,
        "mae": 0.003782933770211217,
        "mi": 3.5534981803334276,
        "corr": 0.9996827450259692,
        "time_taken": 0.028647422790527344
    },
    "chlorine_mi": {
        "algorithm": "stmvl",
        "metric_used_for_optimization": "mi",
        "optimization_method": "bayesian_optimization",
        "best_params": {
            "window_size": 30,
            "gamma": 2.2585723199362597e-05,
            "alpha": 6
        },
        "rmse": 0.006066308151822567,
        "mae": 0.004094487941525381,
        "mi": 3.5054024619016504,
        "corr": 0.9996223097138872,
        "time_taken": 0.032044410705566406
    },
    "chlorine_mi_corr": {
        "algorithm": "stmvl",
        "metric_used_for_optimization": "mi_corr",
        "optimization_method": "bayesian_optimization",
        "best_params": {
            "window_size": 71,
            "gamma": 0.0070224656785417856,
            "alpha": 5
        },
        "rmse": 0.005536005973407932,
        "mae": 0.003636611997835506,
        "mi": 3.577781363427427,
        "corr": 0.9996828918493165,
        "time_taken": 0.06235933303833008
    },
    "chlorine_rmse": {
        "algorithm": "stmvl",
        "metric_used_for_optimization": "rmse",
        "optimization_method": "succesive_halving",
        "best_params": {
            "window_size": 27,
            "gamma": 3.981071705534969e-06,
            "alpha": 3
        },
        "rmse": 0.005554366766752097,
        "mae": 0.003753245217325101,
        "mi": 3.558140127364947,
        "corr": 0.9996793790858266,
        "time_taken": 0.029877662658691406
    },
    "chlorine_rmse_mae": {
        "algorithm": "stmvl",
        "metric_used_for_optimization": "rmse_mae",
        "optimization_method": "succesive_halving",
        "best_params": {
            "window_size": 37,
            "gamma": 0.0630957344480193,
            "alpha": 4
        },
        "rmse": 0.00546628142050478,
        "mae": 0.003609802252732774,
        "mi": 3.598593147540308,
        "corr": 0.9996924531565223,
        "time_taken": 0.03664708137512207
    },
    "climate_corr": {
        "algorithm": "stmvl",
        "metric_used_for_optimization": "corr",
        "optimization_method": "succesive_halving",
        "best_params": {
            "window_size": 55,
            "gamma": 0.2511886431509577,
            "alpha": 3
        },
        "rmse": 115.6972228226752,
        "mae": 60.9548517871029,
        "mi": 1.3261458028685702,
        "corr": 0.9783435269779297,
        "time_taken": 0.06427812576293945
    },
    "climate_mae": {
        "algorithm": "stmvl",
        "metric_used_for_optimization": "mae",
        "optimization_method": "bayesian_optimization",
        "best_params": {
            "window_size": 99,
            "gamma": 0.999999,
            "alpha": 1
        },
        "rmse": 91.98388982989522,
        "mae": 46.97609023238118,
        "mi": 1.595350293755462,
        "corr": 0.9863823035056757,
        "time_taken": 0.10016107559204102
    },
    "climate_mi": {
        "algorithm": "stmvl",
        "metric_used_for_optimization": "mi",
        "optimization_method": "succesive_halving",
        "best_params": {
            "window_size": 77,
            "gamma": 0.003981071705534969,
            "alpha": 4
        },
        "rmse": 141.5568048190614,
        "mae": 68.55685893011346,
        "mi": 1.2358008463891972,
        "corr": 0.9677271388499192,
        "time_taken": 0.08238983154296875
    },
    "climate_mi_corr": {
        "algorithm": "stmvl",
        "metric_used_for_optimization": "mi_corr",
        "optimization_method": "bayesian_optimization",
        "best_params": {
            "window_size": 60,
            "gamma": 0.999999,
            "alpha": 2
        },
        "rmse": 99.70046217719505,
        "mae": 49.41528125018631,
        "mi": 1.5598961531102935,
        "corr": 0.9838763570524798,
        "time_taken": 0.06952762603759766
    },
    "climate_rmse": {
        "algorithm": "stmvl",
        "metric_used_for_optimization": "rmse",
        "optimization_method": "bayesian_optimization",
        "best_params": {
            "window_size": 99,
            "gamma": 0.999999,
            "alpha": 1
        },
        "rmse": 91.98388982989522,
        "mae": 46.97609023238118,