{
    "bafu_corr": {
        "algorithm": "stmvl",
        "metric_used_for_optimization": "corr",
        "optimization_method": "succesive_halving",
        "best_params": {
            "window_size": 89,
            "gamma": 0.003981071705534969,
            "alpha": 1
        },
        "rmse": 0.08626827693412749,
        "mae": 0.055986590862247235,
        "mi": 2.813967105544055,
        "corr": 0.9995544989636469,
        "time_taken": 0.09687542915344238
    },
    "bafu_mae": {
        "algorithm": "stmvl",
        "metric_used_for_optimization": "mae",
        "optimization_method": "bayesian_optimization",
        "best_params": {
            "window_size": 99,
            "gamma": 0.00032243633448374805,
            "alpha": 1
        },
        "rmse": 0.08606735230342716,
        "mae": 0.05598252311484259,
        "mi": 2.8111895901396386,
        "corr": 0.999559860291388,
        "time_taken": 0.1075754165649414
    },
    "bafu_mi": {
        "algorithm": "stmvl",
        "metric_used_for_optimization": "mi",
        "optimization_method": "bayesian_optimization",
        "best_params": {
            "window_size": 99,
            "gamma": 0.6141055066310172,
            "alpha": 1
        },
        "rmse": 0.09012371496302593,
        "mae": 0.05856416785776081,
        "mi": 2.8112911733866413,
        "corr": 0.9995156498641943,
        "time_taken": 0.10554099082946777
    },
    "bafu_mi_corr": {
        "algorithm": "stmvl",
        "metric_used_for_optimization": "mi_corr",
        "optimization_method": "bayesian_optimization",
        "best_params": {
            "window_size": 35,
            "gamma": 5.6114008727707866e-05,
            "alpha": 2
        },
        "rmse": 0.08787370484175563,
        "mae": 0.05695287475561076,
        "mi": 2.754573167928214,
        "corr": 0.9995148311613071,
        "time_taken": 0.05211758613586426
    },
    "bafu_rmse": {
        "algorithm": "stmvl",
        "metric_used_for_optimization": "rmse",
        "optimization_method": "bayesian_optimization",
        "best_params": {
            "window_size": 96,
            "gamma": 1.2100675864142366e-06,
            "alpha": 1
        },
        "rmse": 0.08608058041766119,
        "mae": 0.05596559399913314,
        "mi": 2.810527041735455,
        "corr": 0.9995592077827329,
        "time_taken": 0.10453653335571289
    },
    "bafu_rmse_mae": {
        "algorithm": "stmvl",
        "metric_used_for_optimization": "rmse_mae",
        "optimization_method": "bayesian_optimization",
        "best_params": {
            "window_size": 99,
            "gamma": 1e-06,
            "alpha": 1
        },
        "rmse": 0.08606734011161593,
        "mae": 0.055982187661236374,
        "mi": 2.8113175742558316,
        "corr": 0.9995598606498772,
        "time_taken": 0.10715508460998535
    },
    "chlorine_corr": {
        "algorithm": "stmvl",
        "metric_used_for_optimization": "corr",
        "optimization_method": "bayesian_optimization",
        "best_params": {
            "window_size": 37,
            "gamma": 0.029083763101608137,
            "alpha": 4
        },
        "rmse": 0.0100418911438191,
        "mae": 0.0067747789721846665,
        "mi": 3.3067422666154758,
        "corr": 0.9990797787247107,
        "time_taken": 0.04101848602294922
    },
    "chlorine_mae": {
        "algorithm": "stmvl",
        "metric_used_for_optimization": "mae",
        "optimization_method": "succesive_halving",
        "best_params": {
            "window_size": 25,
            "gamma": 0.0630957344480193,
            "alpha": 4
        },
        "rmse": 0.009774857667125094,
        "mae": 0.006605785176358323,
        "mi": 3.3461791460939185,
        "corr": 0.9991268486591387,
        "time_taken": 0.03163576126098633
    },
    "chlorine_mi": {
        "algorithm": "stmvl",
        "metric_used_for_optimization": "mi",
        "optimization_method": "bayesian_optimization",
        "best_params": {
            "window_size": 30,
            "gamma": 2.2585723199362597e-05,
            "alpha": 6
        },
        "rmse": 0.010300412110856067,
        "mae": 0.006971627252246249,
        "mi": 3.2708261317917184,
        "corr": 0.999032388287846,
        "time_taken": 0.03639554977416992
    },
    "chlorine_mi_corr": {
        "algorithm": "stmvl",
        "metric_used_for_optimization": "mi_corr",
        "optimization_method": "bayesian_optimization",
        "best_params": {
            "window_size": 71,
            "gamma": 0.0070224656785417856,
            "alpha": 5
        },
        "rmse": 0.010319773167822024,
        "mae": 0.006837726566803072,
        "mi": 3.29021531710593,
        "corr": 0.9990258766667712,
        "time_taken": 0.06578207015991211
    },
    "chlorine_rmse": {
        "algorithm": "stmvl",
        "metric_used_for_optimization": "rmse",
        "optimization_method": "succesive_halving",
        "best_params": {
            "window_size": 27,
            "gamma": 3.981071705534969e-06,
            "alpha": 3
        },
        "rmse": 0.00976956200953046,
        "mae": 0.0067191100206708786,
        "mi": 3.311986157106421,
        "corr": 0.9991276686176367,
        "time_taken": 0.03395557403564453
    },
    "chlorine_rmse_mae": {
        "algorithm": "stmvl",
        "metric_used_for_optimization": "rmse_mae",
        "optimization_method": "succesive_halving",
        "best_params": {
            "window_size": 37,
            "gamma": 0.0630957344480193,
            "alpha": 4
        },
        "rmse": 0.010014754842596847,
        "mae": 0.006741158421298882,
        "mi": 3.310146390676328,
        "corr": 0.9990848587381689,
        "time_taken": 0.04037332534790039
    },
    "climate_corr": {
        "algorithm": "stmvl",
        "metric_used_for_optimization": "corr",
        "optimization_method": "succesive_halving",
        "best_params": {
            "window_size": 55,
            "gamma": 0.2511886431509577,
            "alpha": 3
        },
        "rmse": 167.39460232276315,
        "mae": 81.03935119185832,
        "mi": 1.2388768852700642,
        "corr": 0.9483272743010388,
        "time_taken": 0.06868195533752441
    },
    "climate_mae": {
        "algorithm": "stmvl",
        "metric_used_for_optimization": "mae",
        "optimization_method": "bayesian_optimization",
        "best_params": {
            "window_size": 99,
            "gamma": 0.999999,
            "alpha": 1
        },
        "rmse": 117.27520181254566,
        "mae": 59.48979426944277,
        "mi": 1.3984209413307012,
        "corr": 0.9750151198163793,
        "time_taken": 0.10868501663208008
    },
    "climate_mi": {
        "algorithm": "stmvl",
        "metric_used_for_optimization": "mi",
        "optimization_method": "succesive_halving",
        "best_params": {
            "window_size": 77,
            "gamma": 0.003981071705534969,
            "alpha": 4
        },
        "rmse": 184.06488527200173,
        "mae": 87.80357658776434,
        "mi": 1.2024505003052686,
        "corr": 0.9371409900559493,
        "time_taken": 0.08754897117614746
    },
    "climate_mi_corr": {
        "algorithm": "stmvl",
        "metric_used_for_optimization": "mi_corr",
        "optimization_method": "bayesian_optimization",
        "best_params": {
            "window_size": 60,
            "gamma": 0.999999,
            "alpha": 2
        },
        "rmse": 121.71726740407766,
        "mae": 61.338539702235416,
        "mi": 1.3750559160043032,
        "corr": 0.973010028571561,
        "time_taken": 0.0733633041381836
    },
    "climate_rmse": {
        "algorithm": "stmvl",
        "metric_used_for_optimization": "rmse",
        "optimization_method": "bayesian_optimization",
        "best_params": {
            "window_size": 99,
            "gamma": 0.999999,
            "alpha": 1
        },
        "rmse": 117.27520181254566,
        "mae": 59.48979426944277,