{
    "bafu_corr": {
        "algorithm": "stmvl",
        "metric_used_for_optimization": "corr",
        "optimization_method": "succesive_halving",
        "best_params": {
            "window_size": 89,
            "gamma": 0.003981071705534969,
            "alpha": 1
        },
        "rmse": 0.08832677045467335,
        "mae": 0.05500880287645317,
        "mi": 3.1705584626612544,
        "corr": 0.9995115427539101,
        "time_taken": 1.596696376800537
    },
    "bafu_mae": {
        "algorithm": "stmvl",
        "metric_used_for_optimization": "mae",
        "optimization_method": "bayesian_optimization",
        "best_params": {
            "window_size": 99,
            "gamma": 0.00032243633448374805,
            "alpha": 1
        },
        "rmse": 0.08709882853246705,
        "mae": 0.05435438572084413,
        "mi": 3.1739387566700175,
        "corr": 0.9995261947869664,
        "time_taken": 1.9318687915802002
    },
    "bafu_mi": {
        "algorithm": "stmvl",
        "metric_used_for_optimization": "mi",
        "optimization_method": "bayesian_optimization",
        "best_params": {
            "window_size": 99,
            "gamma": 0.6141055066310172,
            "alpha": 1
        },
        "rmse": 0.09329303408168958,
        "mae": 0.05692093695142551,
        "mi": 3.1391307824625843,
        "corr": 0.9994577050717987,
        "time_taken": 1.6625726222991943
    },
    "bafu_mi_corr": {
        "algorithm": "stmvl",
        "metric_used_for_optimization": "mi_corr",
        "optimization_method": "bayesian_optimization",
        "best_params": {
            "window_size": 35,
            "gamma": 5.6114008727707866e-05,
            "alpha": 2
        },
        "rmse": 0.09446113071654799,
        "mae": 0.06118884889899103,
        "mi": 3.072365554564198,
        "corr": 0.9994229839824833,
        "time_taken": 0.7632503509521484
    },
    "bafu_rmse": {
        "algorithm": "stmvl",
        "metric_used_for_optimization": "rmse",
        "optimization_method": "bayesian_optimization",
        "best_params": {
            "window_size": 96,
            "gamma": 1.2100675864142366e-06,
            "alpha": 1
        },
        "rmse": 0.08721309042657528,
        "mae": 0.054439952353447764,
        "mi": 3.176170578850873,
        "corr": 0.9995246965462772,
        "time_taken": 2.0782947540283203
    },
    "bafu_rmse_mae": {
        "algorithm": "stmvl",
        "metric_used_for_optimization": "rmse_mae",
        "optimization_method": "bayesian_optimization",
        "best_params": {
            "window_size": 99,
            "gamma": 1e-06,
            "alpha": 1
        },
        "rmse": 0.08709821867355111,
        "mae": 0.0543543896678837,
        "mi": 3.173872100290921,
        "corr": 0.9995262012784882,
        "time_taken": 1.614556074142456
    },
    "chlorine_corr": {
        "algorithm": "stmvl",
        "metric_used_for_optimization": "corr",
        "optimization_method": "bayesian_optimization",
        "best_params": {
            "window_size": 37,
            "gamma": 0.029083763101608137,
            "alpha": 4
        },
        "rmse": 0.006856724340175853,
        "mae": 0.004701724203993514,
        "mi": 3.557536941283863,
        "corr": 0.9995531087630641,
        "time_taken": 0.04706072807312012
    },
    "chlorine_mae": {
        "algorithm": "stmvl",
        "metric_used_for_optimization": "mae",
        "optimization_method": "succesive_halving",
        "best_params": {
            "window_size": 25,
            "gamma": 0.0630957344480193,
            "alpha": 4
        },
        "rmse": 0.006995818455647824,
        "mae": 0.004824282813786847,
        "mi": 3.537013641174032,
        "corr": 0.9995355442882538,
        "time_taken": 0.03478121757507324
    },
    "chlorine_mi": {
        "algorithm": "stmvl",
        "metric_used_for_optimization": "mi",
        "optimization_method": "bayesian_optimization",
        "best_params": {
            "window_size": 30,
            "gamma": 2.2585723199362597e-05,
            "alpha": 6
        },
        "rmse": 0.007425777061104978,
        "mae": 0.005161692507137684,
        "mi": 3.4607228844284057,
        "corr": 0.9994748120389285,
        "time_taken": 0.04242110252380371
    },
    "chlorine_mi_corr": {
        "algorithm": "stmvl",
        "metric_used_for_optimization": "mi_corr",
        "optimization_method": "bayesian_optimization",
        "best_params": {
            "window_size": 71,
            "gamma": 0.0070224656785417856,
            "alpha": 5
        },
        "rmse": 0.006979134080470264,
        "mae": 0.0047627973149582175,
        "mi": 3.5708258901680825,
        "corr": 0.9995346078215037,
        "time_taken": 0.08124566078186035
    },
    "chlorine_rmse": {
        "algorithm": "stmvl",
        "metric_used_for_optimization": "rmse",
        "optimization_method": "succesive_halving",
        "best_params": {
            "window_size": 27,
            "gamma": 3.981071705534969e-06,
            "alpha": 3
        },
        "rmse": 0.007016696684811667,
        "mae": 0.004813648850479237,
        "mi": 3.566135053175879,
        "corr": 0.9995349343287412,
        "time_taken": 0.03151583671569824
    },
    "chlorine_rmse_mae": {
        "algorithm": "stmvl",
        "metric_used_for_optimization": "rmse_mae",
        "optimization_method": "succesive_halving",
        "best_params": {
            "window_size": 37,
            "gamma": 0.0630957344480193,
            "alpha": 4
        },
        "rmse": 0.006782869935901026,
        "mae": 0.0046482142157479815,
        "mi": 3.5659489039778802,
        "corr": 0.9995627598323564,
        "time_taken": 0.048003196716308594
    },
    "climate_corr": {
        "algorithm": "stmvl",
        "metric_used_for_optimization": "corr",
        "optimization_method": "succesive_halving",
        "best_params": {
            "window_size": 55,
            "gamma": 0.2511886431509577,
            "alpha": 3
        },
        "rmse": 127.48247659145893,
        "mae": 66.45591524617004,
        "mi": 1.3235779327240729,
        "corr": 0.9705252550144626,
        "time_taken": 0.08062911033630371
    },
    "climate_mae": {
        "algorithm": "stmvl",
        "metric_used_for_optimization": "mae",
        "optimization_method": "bayesian_optimization",
        "best_params": {
            "window_size": 99,
            "gamma": 0.999999,
            "alpha": 1
        },
        "rmse": 97.54105655021966,
        "mae": 48.37649489707433,
        "mi": 1.551558308770899,
        "corr": 0.9827559745914441,
        "time_taken": 0.11370730400085449
    },
    "climate_mi": {
        "algorithm": "stmvl",
        "metric_used_for_optimization": "mi",
        "optimization_method": "succesive_halving",
        "best_params": {
            "window_size": 77,
            "gamma": 0.003981071705534969,
            "alpha": 4
        },
        "rmse": 143.96814405933762,
        "mae": 71.68662449254421,
        "mi": 1.2614962772055165,
        "corr": 0.9624788042852047,
        "time_taken": 0.08562850952148438
    },
    "climate_mi_corr": {
        "algorithm": "stmvl",
        "metric_used_for_optimization": "mi_corr",
        "optimization_method": "bayesian_optimization",
        "best_params": {
            "window_size": 60,
            "gamma": 0.999999,
            "alpha": 2
        },
        "rmse": 101.72587496476979,
        "mae": 49.570972196712454,
        "mi": 1.4745291813284935,
        "corr": 0.9811870570697139,
        "time_taken": 0.08502578735351562
    },
    "climate_rmse": {
        "algorithm": "stmvl",
        "metric_used_for_optimization": "rmse",
        "optimization_method": "bayesian_optimization",
        "best_params": {
            "window_size": 99,
            "gamma": 0.999999,
            "alpha": 1
        },
        "rmse": 97.54105655021966,
        "mae": 48.37649489707433,