{
    "bafu_corr": {
        "algorithm": "stmvl",
        "metric_used_for_optimization": "corr",
        "optimization_method": "succesive_halving",
        "best_params": {
            "window_size": 89,
            "gamma": 0.003981071705534969,
            "alpha": 1
        },
        "rmse": 2.406200310389338,
        "mae": 1.4777339238176113,
        "mi": 1.002423406324703,
        "corr": 0.5672392097612601,
        "time_taken": 0.11469054222106934
    },
    "bafu_mae": {
        "algorithm": "stmvl",
        "metric_used_for_optimization": "mae",
        "optimization_method": "bayesian_optimization",
        "best_params": {
            "window_size": 99,
            "gamma": 0.00032243633448374805,
            "alpha": 1
        },
        "rmse": 1.5491623122454818,
        "mae": 0.9829298032319388,
        "mi": 1.1545143323542195,
        "corr": 0.8273094514845766,
        "time_taken": 0.1272895336151123
    },
    "bafu_mi": {
        "algorithm": "stmvl",
        "metric_used_for_optimization": "mi",
        "optimization_method": "bayesian_optimization",
        "best_params": {
            "window_size": 99,
            "gamma": 0.6141055066310172,
            "alpha": 1
        },
        "rmse": 1.5606895842776864,
        "mae": 0.9802924060622527,
        "mi": 1.149809439531226,
        "corr": 0.8243373067706583,
        "time_taken": 0.13117384910583496
    },
    "bafu_mi_corr": {
        "algorithm": "stmvl",
        "metric_used_for_optimization": "mi_corr",
        "optimization_method": "bayesian_optimization",
        "best_params": {
            "window_size": 35,
            "gamma": 5.6114008727707866e-05,
            "alpha": 2
        },
        "rmse": 1.3562653888316316,
        "mae": 0.9085026940391442,
        "mi": 1.2700410840963112,
        "corr": 0.8749222885276066,
        "time_taken": 0.05664348602294922
    },
    "bafu_rmse": {
        "algorithm": "stmvl",
        "metric_used_for_optimization": "rmse",
        "optimization_method": "bayesian_optimization",
        "best_params": {
            "window_size": 96,
            "gamma": 1.2100675864142366e-06,
            "alpha": 1
        },
        "rmse": 1.6391772031192404,
        "mae": 1.0539586327199024,
        "mi": 1.0855680740755087,
        "corr": 0.8026977734582883,
        "time_taken": 0.12485742568969727
    },
    "bafu_rmse_mae": {
        "algorithm": "stmvl",
        "metric_used_for_optimization": "rmse_mae",
        "optimization_method": "bayesian_optimization",
        "best_params": {
            "window_size": 99,
            "gamma": 1e-06,
            "alpha": 1
        },
        "rmse": 1.5490914127282813,
        "mae": 0.9828831925190364,
        "mi": 1.154717932542436,
        "corr": 0.8273238604939154,
        "time_taken": 0.12623906135559082
    },
    "chlorine_corr": {
        "algorithm": "stmvl",
        "metric_used_for_optimization": "corr",
        "optimization_method": "bayesian_optimization",
        "best_params": {
            "window_size": 37,
            "gamma": 0.029083763101608137,
            "alpha": 4
        },
        "rmse": 0.3029727390033405,
        "mae": 0.25176084897331547,
        "mi": 0.7962192128430026,
        "corr": 0.6966870339013455,
        "time_taken": 0.04072713851928711
    },
    "chlorine_mae": {
        "algorithm": "stmvl",
        "metric_used_for_optimization": "mae",
        "optimization_method": "succesive_halving",
        "best_params": {
            "window_size": 25,
            "gamma": 0.0630957344480193,
            "alpha": 4
        },
        "rmse": 0.21126813123119392,
        "mae": 0.1679124671636255,
        "mi": 0.8989543238917372,
        "corr": 0.8434747550981111,
        "time_taken": 0.03208351135253906
    },
    "chlorine_mi": {
        "algorithm": "stmvl",
        "metric_used_for_optimization": "mi",
        "optimization_method": "bayesian_optimization",
        "best_params": {
            "window_size": 30,
            "gamma": 2.2585723199362597e-05,
            "alpha": 6
        },
        "rmse": 0.2955725269787554,
        "mae": 0.23280921474672656,
        "mi": 0.7303321720511544,
        "corr": 0.6596190362722084,
        "time_taken": 0.03647255897521973
    },
    "chlorine_mi_corr": {
        "algorithm": "stmvl",
        "metric_used_for_optimization": "mi_corr",
        "optimization_method": "bayesian_optimization",
        "best_params": {
            "window_size": 71,
            "gamma": 0.0070224656785417856,
            "alpha": 5
        },
        "rmse": 0.40049134444176443,
        "mae": 0.3361954107134815,
        "mi": 0.7751598623567384,
        "corr": 0.6072612156376458,
        "time_taken": 0.06512069702148438
    },
    "chlorine_rmse": {
        "algorithm": "stmvl",
        "metric_used_for_optimization": "rmse",
        "optimization_method": "succesive_halving",
        "best_params": {
            "window_size": 27,
            "gamma": 3.981071705534969e-06,
            "alpha": 3
        },
        "rmse": 0.22526653106925254,
        "mae": 0.17197916974047706,
        "mi": 0.8624507649967068,
        "corr": 0.802252410688484,
        "time_taken": 0.03371262550354004
    },
    "chlorine_rmse_mae": {
        "algorithm": "stmvl",
        "metric_used_for_optimization": "rmse_mae",
        "optimization_method": "succesive_halving",
        "best_params": {
            "window_size": 37,
            "gamma": 0.0630957344480193,
            "alpha": 4
        },
        "rmse": 0.2923529754344495,
        "mae": 0.24183600301609479,
        "mi": 0.7950168042401682,
        "corr": 0.7181291277327869,
        "time_taken": 0.040817975997924805
    },
    "climate_corr": {
        "algorithm": "stmvl",
        "metric_used_for_optimization": "corr",
        "optimization_method": "succesive_halving",
        "best_params": {
            "window_size": 55,
            "gamma": 0.2511886431509577,
            "alpha": 3
        },
        "rmse": 749.7041319155178,
        "mae": 367.28780224564036,
        "mi": 0.4604016955013446,
        "corr": 0.3783930950040104,
        "time_taken": 0.0652012825012207
    },
    "climate_mae": {
        "algorithm": "stmvl",
        "metric_used_for_optimization": "mae",
        "optimization_method": "bayesian_optimization",
        "best_params": {
            "window_size": 99,
            "gamma": 0.999999,
            "alpha": 1
        },
        "rmse": 683.0175620227261,
        "mae": 353.68541260153916,
        "mi": 0.4339779383612141,
        "corr": 0.37486879100594256,
        "time_taken": 0.10320496559143066
    },
    "climate_mi": {
        "algorithm": "stmvl",
        "metric_used_for_optimization": "mi",
        "optimization_method": "succesive_halving",
        "best_params": {
            "window_size": 77,
            "gamma": 0.003981071705534969,
            "alpha": 4
        },
        "rmse": 840.3371009800329,
        "mae": 409.5796625773292,
        "mi": 0.6097535964838734,
        "corr": 0.4293723382531726,
        "time_taken": 0.08462238311767578
    },
    "climate_mi_corr": {
        "algorithm": "stmvl",
        "metric_used_for_optimization": "mi_corr",
        "optimization_method": "bayesian_optimization",
        "best_params": {
            "window_size": 60,
            "gamma": 0.999999,
            "alpha": 2
        },
        "rmse": 707.4020532003325,
        "mae": 347.8424473800444,
        "mi": 0.4593661280860717,
        "corr": 0.3791082720728074,
        "time_taken": 0.07039403915405273
    },
    "climate_rmse": {
        "algorithm": "stmvl",
        "metric_used_for_optimization": "rmse",
        "optimization_method": "bayesian_optimization",
        "best_params": {
            "window_size": 99,
            "gamma": 0.999999,
            "alpha": 1
        },
        "rmse": 683.0175620227261,
        "mae": 353.68541260153916,
        "mi": 0.4339779383612141,