{
  "bafu": {
    "best_params": {
      "hidden_dim": 5,
      "learning_rate": 0.05455594781168514,
      "iterations": 65,
      "keep_prob": 1e-06
    },
    "best_score": 0.008181283326966993,
    "dataset": "bafu",
    "time": 1078.230861902237
  },
  "chlorine": {
    "best_params": {
      "hidden_dim": 4,
      "learning_rate": 7.847599703514606e-05,
      "iterations": 15,
      "keep_prob": 2.1544346900318823e-05
    },
    "best_score": 0.9227132670196405,
    "dataset": "chlorine",
    "time": 5192.297243833542
  },
  "climate": {
    "best_params": {
      "hidden_dim": 7,
      "learning_rate": 1.0,
      "iterations": 95,
      "keep_prob": 1.0
    },
    "best_score": 0.06522339306587233,
    "dataset": "climate",
    "time": 636.4644718170166
  },
  "drift": {
    "best_params": {
      "hidden_dim": 8,
      "learning_rate": 0.0003359818286283781,
      "iterations": 70,
      "keep_prob": 2.1544346900318823e-05
    },
    "best_score": 0.3526733871971026,
    "dataset": "drift",
    "time": 3990.0651047229767
  },
  "meteo": {
    "best_params": {
      "hidden_dim": 4,
      "learning_rate": 0.0001623776739188721,
      "iterations": 75,
      "keep_prob": 0.21544346900318823
    },
    "best_score": 0.029684276760648665,
    "dataset": "meteo",
    "time": 794.4222755432129
  }
}