{"bafu": {"best_params": {"learning_neighbours": 91}, "best_score": 0.4222654228929419, "dataset": "bafu", "time": 8779.192969083786}, "chlorine": {"best_params": {"learning_neighbours": 11}, "best_score": 0.22795288297594227, "dataset": "chlorine", "time": 3771.216590642929}, "climate": {"best_params": {"learning_neighbours": 29}, "best_score": 187.6375317137176, "dataset": "climate", "time": 331.7327184677124}, "drift": {"best_params": {"learning_neighbours": 7}, "best_score": 4592.3265752436155, "dataset": "drift", "time": 2998.964729785919}, "meteo": {"best_params": {"learning_neighbours": 84}, "best_score": 21.551039274879304, "dataset": "meteo", "time": 6368.234312295914}}