{
  "bafu": {
    "best_params": {
      "hidden_dim": 58,
      "learning_rate": 0.008683482495405915,
      "iterations": 29,
      "keep_prob": 0.2530618538651032
    },
    "best_score": 0.2704696800449546,
    "dataset": "bafu",
    "time": 375.87520027160645
  },
  "chlorine": {
    "best_params": {
      "hidden_dim": 38,
      "learning_rate": 0.0033673011342077214,
      "iterations": 14,
      "keep_prob": 0.9659334381435305
    },
    "best_score": 0.15794574313782778,
    "dataset": "chlorine",
    "time": 1572.65429520607
  },
  "climate": {
    "best_params": {
      "hidden_dim": 8,
      "learning_rate": 0.0004015796786545588,
      "iterations": 43,
      "keep_prob": 0.5662446279402068
    },
    "best_score": 88.22480452046308,
    "dataset": "climate",
    "time": 280.5845158100128
  },
  "drift": {
    "best_params": {
      "hidden_dim": 67,
      "learning_rate": 0.001979045144330143,
      "iterations": 7,
      "keep_prob": 0.20064214475207845
    },
    "best_score": 1038.2852108097704,
    "dataset": "drift",
    "time": 1259.454157590866
  },
  "meteo": {
    "best_params": {
      "hidden_dim": 71,
      "learning_rate": 0.0008175520464739548,
      "iterations": 6,
      "keep_prob": 0.28944116222969857
    },
    "best_score": 5.552403150122854,
    "dataset": "meteo",
    "time": 313.5953845977783
  }
}