{"bafu": {"best_params": {"hidden_dim": 9, "learning_rate": 0.012248349008248848, "iterations": 84, "keep_prob": 1.150443912032195e-06}, "best_score": 0.3231692463097619, "dataset": "bafu", "time": 1294.9573712348938}, "chlorine": {"best_params": {"hidden_dim": 4, "learning_rate": 0.0506117156376428, "iterations": 38, "keep_prob": 0.005200428922939562}, "best_score": 0.24476297263690525, "dataset": "chlorine", "time": 5719.096410512924}, "climate": {"best_params": {"hidden_dim": 5, "learning_rate": 0.1569741496747419, "iterations": 95, "keep_prob": 0.7310434128622902}, "best_score": 183.42395673327766, "dataset": "climate", "time": 775.4424715042114}, "drift": {"best_params": {"hidden_dim": 4, "learning_rate": 0.0013424926415204163, "iterations": 72, "keep_prob": 5.407483217087405e-06}, "best_score": 5836.449995179047, "dataset": "drift", "time": 4277.528475046158}, "meteo": {"best_params": {"hidden_dim": 9, "learning_rate": 0.0014334520137400174, "iterations": 0, "keep_prob": 0.08727789780664075}, "best_score": 7.125007520650923, "dataset": "meteo", "time": 933.1517245769501}}