{"bafu": {"best_params": {"learning_neighbours": 100}, "best_score": 0.30541611916004313, "dataset": "bafu", "time": 19333.646896600723}, "chlorine": {"best_params": {"learning_neighbours": 1}, "best_score": 0.14865666490593374, "dataset": "chlorine", "time": 7708.7628519535065}, "climate": {"best_params": {"learning_neighbours": 47}, "best_score": 72.56903156922662, "dataset": "climate", "time": 734.0944719314575}, "drift": {"best_params": {"learning_neighbours": 1}, "best_score": 562.2219675267361, "dataset": "drift", "time": 1820.2093214988708}, "meteo": {"best_params": {"learning_neighbours": 100}, "best_score": 13.249170360987668, "dataset": "meteo", "time": 18159.804649353027}}