{
  "bafu": {
    "best_params": {
      "hidden_dim": 6,
      "learning_rate": 0.6850529028589641,
      "iterations": 39,
      "keep_prob": 2.014061139246155e-05
    },
    "best_score": 0.005122847151280974,
    "dataset": "bafu",
    "time": 1262.1417183876038
  },
  "chlorine": {
    "best_params": {
      "hidden_dim": 4,
      "learning_rate": 0.8784287868524215,
      "iterations": 81,
      "keep_prob": 1.6041876565591626e-06
    },
    "best_score": 0.8981957769308154,
    "dataset": "chlorine",
    "time": 6087.706672906876
  },
  "climate": {
    "best_params": {
      "hidden_dim": 2,
      "learning_rate": 5.3237871252757316e-05,
      "iterations": 20,
      "keep_prob": 0.5817430209386164
    },
    "best_score": 0.06338588483217467,
    "dataset": "climate",
    "time": 779.4300677776337
  },
  "drift": {
    "best_params": {
      "hidden_dim": 8,
      "learning_rate": 0.00018532016863986387,
      "iterations": 78,
      "keep_prob": 0.0003661328386121687
    },
    "best_score": 0.2970460358737119,
    "dataset": "drift",
    "time": 4778.287368297577
  },
  "meteo": {
    "best_params": {
      "hidden_dim": 1,
      "learning_rate": 0.00016960127584525247,
      "iterations": 70,
      "keep_prob": 0.15851673881695066
    },
    "best_score": 0.01982461403421909,
    "dataset": "meteo",
    "time": 974.7004754543304
  }
}