{"bafu": {"best_params": {"hidden_dim": 22, "learning_rate": 0.0017563929277798446, "iterations": 55, "keep_prob": 0.37699950921578773}, "best_score": 0.335364170107242, "dataset": "bafu", "time": 28280.171971082687}, "chlorine": {"best_params": {"hidden_dim": 20, "learning_rate": 0.0056036460213560865, "iterations": 94, "keep_prob": 0.9676193248156171}, "best_score": 0.7380543245345972, "dataset": "chlorine", "time": 120147.15638017654}, "climate": {"best_params": {"hidden_dim": 55, "learning_rate": 0.003193810308883673, "iterations": 65, "keep_prob": 0.6210521740499749}, "best_score": 0.32266786973525996, "dataset": "climate", "time": 18745.152438640594}, "drift": {"best_params": {"hidden_dim": 64, "learning_rate": 0.0023364788764933904, "iterations": 15, "keep_prob": 0.35893538247711937}, "best_score": 0.21643325552740983, "dataset": "drift", "time": 74503.30556845665}, "meteo": {"best_params": {"hidden_dim": 22, "learning_rate": 0.0018198713983106427, "iterations": 77, "keep_prob": 0.3145407257535868}, "best_score": 0.27728649369428215, "dataset": "meteo", "time": 25478.52724504471}}