{
  "bafu": {
    "best_params": {
      "rank": 9,
      "eps": 2.1544346900318823e-05,
      "iters": 600
    },
    "best_score": 0.2676556493743315,
    "dataset": "bafu",
    "time": 139.96694684028625
  },
  "chlorine": {
    "best_params": {
      "rank": 9,
      "eps": 0.21544346900318823,
      "iters": 200
    },
    "best_score": 0.2565167192419035,
    "dataset": "chlorine",
    "time": 6.805401086807251
  },
  "climate": {
    "best_params": {
      "rank": 8,
      "eps": 4.641588833612782e-06,
      "iters": 300
    },
    "best_score": 0.2992021581695243,
    "dataset": "climate",
    "time": 3.2271764278411865
  },
  "drift": {
    "best_params": {
      "rank": 3,
      "eps": 0.046415888336127725,
      "iters": 1000
    },
    "best_score": -0.01524831500663626,
    "dataset": "drift",
    "time": 195.63876843452454
  },
  "meteo": {
    "best_params": {
      "rank": 2,
      "eps": 4.641588833612782e-06,
      "iters": 200
    },
    "best_score": 0.27527187270301545,
    "dataset": "meteo",
    "time": 77.04289197921753
  }
}
