{"bafu": {"best_params": {"learning_neighbours": 100}, "best_score": 0.4217279010421891, "dataset": "bafu", "time": 16599.895572185516}, "chlorine": {"best_params": {"learning_neighbours": 1}, "best_score": 0.21961312673660244, "dataset": "chlorine", "time": 7888.376788854599}, "climate": {"best_params": {"learning_neighbours": 31}, "best_score": 187.49027379986964, "dataset": "climate", "time": 542.9999165534973}, "drift": {"best_params": {"learning_neighbours": 1}, "best_score": 4526.697252042428, "dataset": "drift", "time": 2144.1914935112}, "meteo": {"best_params": {"learning_neighbours": 100}, "best_score": 21.407584519077965, "dataset": "meteo", "time": 20143.409866333008}}