{
  "bafu": {
    "best_params": {
      "hidden_dim": 8,
      "learning_rate": 0.9927409198785836,
      "iterations": 51,
      "keep_prob": 2.217075435875572e-05
    },
    "best_score": 0.7184410495223033,
    "dataset": "bafu",
    "time": 1260.7288901805878
  },
  "chlorine": {
    "best_params": {
      "hidden_dim": 6,
      "learning_rate": 2.142792489767503e-05,
      "iterations": 2,
      "keep_prob": 0.9671508292184442
    },
    "best_score": 0.5909933141914503,
    "dataset": "chlorine",
    "time": 6253.543638467789
  },
  "climate": {
    "best_params": {
      "hidden_dim": 9,
      "learning_rate": 1.0,
      "iterations": 0,
      "keep_prob": 9.695402726790059e-05
    },
    "best_score": 0.5615229898054769,
    "dataset": "climate",
    "time": 736.4412536621094
  },
  "drift": {
    "best_params": {
      "hidden_dim": 5,
      "learning_rate": 0.0009902506114342119,
      "iterations": 15,
      "keep_prob": 0.09921503015443574
    },
    "best_score": 0.04322489834459586,
    "dataset": "drift",
    "time": 4420.4203317165375
  },
  "meteo": {
    "best_params": {
      "hidden_dim": 4,
      "learning_rate": 0.024877562840495183,
      "iterations": 24,
      "keep_prob": 4.3421238401250486e-05
    },
    "best_score": 0.5399194052984075,
    "dataset": "meteo",
    "time": 945.7847504615784
  }
}