{"bafu": {"best_params": {"window_size": 99, "gamma": 1e-06, "alpha": 1}, "best_score": 0.00039376868197749104, "dataset": "bafu", "time": 76.12910866737366}, "chlorine": {"best_params": {"window_size": 37, "gamma": 0.029083763101608137, "alpha": 4}, "best_score": 0.0003340923692071174, "dataset": "chlorine", "time": 377.3642191886902}, "climate": {"best_params": {"window_size": 99, "gamma": 0.999999, "alpha": 1}, "best_score": 0.017244025408555852, "dataset": "climate", "time": 18.483767986297607}, "drift": {"best_params": {"window_size": 20, "gamma": 0.999999, "alpha": 1}, "best_score": 0.07319139052811896, "dataset": "drift", "time": 210.27724313735962}, "meteo": {"best_params": {"window_size": 81, "gamma": 9.616453915621372e-05, "alpha": 9}, "best_score": 0.0014198737172008702, "dataset": "meteo", "time": 35.987812757492065}}