{
  "bafu": {
    "best_params": {
      "rank": 9,
      "eps": 0,
      "iters": 846
    },
    "best_score": 0.265773205720074,
    "dataset": "bafu",
    "time": 244.4450306892395
  },
  "chlorine": {
    "best_params": {
      "rank": 9,
      "eps": 0,
      "iters": 608
    },
    "best_score": 0.2565167192419035,
    "dataset": "chlorine",
    "time": 77.97404432296753
  },
  "climate": {
    "best_params": {
      "rank": 3,
      "eps": 0,
      "iters": 597
    },
    "best_score": 0.2779939765824092,
    "dataset": "climate",
    "time": 32.19355893135071
  },
  "meteo": {
    "best_params": {
      "rank": 2,
      "eps": 0,
      "iters": 406
    },
    "best_score": 0.26691702737344725,
    "dataset": "meteo",
    "time": 80.54759240150452
  }
}