{"bafu": {"best_params": {"learning_neighbours": 96}, "best_score": 0.3637825227150406, "dataset": "bafu", "time": 40623.73793339729}, "chlorine": {"best_params": {"learning_neighbours": 21}, "best_score": 0.19692748313552977, "dataset": "chlorine", "time": 13101.72702217102}, "climate": {"best_params": {"learning_neighbours": 39}, "best_score": 130.40324416650896, "dataset": "climate", "time": 993.0319137573242}, "drift": {"best_params": {"learning_neighbours": 5}, "best_score": 2538.5236879603813, "dataset": "drift", "time": 6552.395052433014}, "meteo": {"best_params": {"learning_neighbours": 98}, "best_score": 17.34155762974556, "dataset": "meteo", "time": 17090.175216674805}}