{
  "bafu": {
    "best_params": {
      "rank": 9,
      "eps": 0.01,
      "iters": 300
    },
    "best_score": 0.018877650691866518,
    "dataset": "bafu",
    "time": 14.796315670013428
  },
  "chlorine": {
    "best_params": {
      "rank": 9,
      "eps": 1.0,
      "iters": 900
    },
    "best_score": 0.015260007549353381,
    "dataset": "chlorine",
    "time": 3.0478389263153076
  },
  "climate": {
    "best_params": {
      "rank": 3,
      "eps": 0.21544346900318823,
      "iters": 1000
    },
    "best_score": 106.58508762428434,
    "dataset": "climate",
    "time": 1.9698553085327148
  },
  "drift": {
    "best_params": {
      "rank": 4,
      "eps": 0.0001,
      "iters": 300
    },
    "best_score": 548.8010007554215,
    "dataset": "drift",
    "time": 49.440268993377686
  },
  "meteo": {
    "best_params": {
      "rank": 2,
      "eps": 1.0,
      "iters": 800
    },
    "best_score": 2.342078331910326,
    "dataset": "meteo",
    "time": 27.71458673477173
  }
}