{
    "bafu_corr": {
        "algorithm": "cdrec",
        "metric_used_for_optimization": "corr",
        "optimization_method": "bayesian_optimization",
        "best_params": {
            "rank": 9,
            "eps": 0.9573330831503682,
            "iters": 439
        },
        "rmse": 0.004272346496240041,
        "mae": 0.0019062409716683756,
        "mi": 2.9420886923819998,
        "corr": 0.9999986911830266,
        "time_taken": 0.0033142566680908203
    },
    "bafu_mae": {
        "algorithm": "cdrec",
        "metric_used_for_optimization": "mae",
        "optimization_method": "bayesian_optimization",
        "best_params": {
            "rank": 9,
            "eps": 1.0,
            "iters": 100
        },
        "rmse": 0.004272346496240041,
        "mae": 0.0019062409716683756,
        "mi": 2.9420886923819998,
        "corr": 0.9999986911830266,
        "time_taken": 0.0006175041198730469
    },
    "bafu_mi": {
        "algorithm": "cdrec",
        "metric_used_for_optimization": "mi",
        "optimization_method": "bayesian_optimization",
        "best_params": {
            "rank": 9,
            "eps": 0.9999916038344492,
            "iters": 438
        },
        "rmse": 0.004272346496240041,
        "mae": 0.0019062409716683756,
        "mi": 2.9420886923819998,
        "corr": 0.9999986911830266,
        "time_taken": 0.0006723403930664062
    },
    "bafu_mi_corr": {
        "algorithm": "cdrec",
        "metric_used_for_optimization": "mi_corr",
        "optimization_method": "bayesian_optimization",
        "best_params": {
            "rank": 9,
            "eps": 0.00755809935070479,
            "iters": 100
        },
        "rmse": 0.004272346496240041,
        "mae": 0.0019062409716683756,
        "mi": 2.9420886923819998,
        "corr": 0.9999986911830266,
        "time_taken": 0.0006399154663085938
    },
    "bafu_rmse": {
        "algorithm": "cdrec",
        "metric_used_for_optimization": "rmse",
        "optimization_method": "bayesian_optimization",
        "best_params": {
            "rank": 9,
            "eps": 1.0,
            "iters": 100
        },
        "rmse": 0.004272346496240041,
        "mae": 0.0019062409716683756,
        "mi": 2.9420886923819998,
        "corr": 0.9999986911830266,
        "time_taken": 0.0006587505340576172
    },
    "bafu_rmse_mae": {
        "algorithm": "cdrec",
        "metric_used_for_optimization": "rmse_mae",
        "optimization_method": "bayesian_optimization",
        "best_params": {
            "rank": 9,
            "eps": 0.015162811201851307,
            "iters": 100
        },
        "rmse": 0.004272346496240041,
        "mae": 0.0019062409716683756,
        "mi": 2.9420886923819998,
        "corr": 0.9999986911830266,
        "time_taken": 0.0006518363952636719
    },
    "chlorine_corr": {
        "algorithm": "cdrec",
        "metric_used_for_optimization": "corr",
        "optimization_method": "succesive_halving",
        "best_params": {
            "rank": 9,
            "eps": 1.0,
            "iters": 100
        },
        "rmse": 0.0020449520047665527,
        "mae": 0.0010318355795072645,
        "mi": 2.6037672211377005,
        "corr": 0.9999613949333969,
        "time_taken": 0.0005230903625488281
    },
    "chlorine_mae": {
        "algorithm": "cdrec",
        "metric_used_for_optimization": "mae",
        "optimization_method": "bayesian_optimization",
        "best_params": {
            "rank": 9,
            "eps": 0.9140115605524411,
            "iters": 969
        },
        "rmse": 0.0020449520047665527,
        "mae": 0.0010318355795072645,
        "mi": 2.6037672211377005,
        "corr": 0.9999613949333969,
        "time_taken": 0.0004668235778808594
    },
    "chlorine_mi": {
        "algorithm": "cdrec",
        "metric_used_for_optimization": "mi",
        "optimization_method": "bayesian_optimization",
        "best_params": {
            "rank": 2,
            "eps": 0.020873029790350318,
            "iters": 159
        },
        "rmse": 0.07221476602423887,
        "mae": 0.04648411954111577,
        "mi": 1.6984348339789868,
        "corr": 0.9498262422837143,
        "time_taken": 0.0002315044403076172
    },
    "chlorine_mi_corr": {
        "algorithm": "cdrec",
        "metric_used_for_optimization": "mi_corr",
        "optimization_method": "bayesian_optimization",
        "best_params": {
            "rank": 9,
            "eps": 0.30865453834690176,
            "iters": 472
        },
        "rmse": 0.0020449520047665527,
        "mae": 0.0010318355795072645,
        "mi": 2.6037672211377005,
        "corr": 0.9999613949333969,
        "time_taken": 0.000461578369140625
    },
    "chlorine_rmse": {
        "algorithm": "cdrec",
        "metric_used_for_optimization": "rmse",
        "optimization_method": "bayesian_optimization",
        "best_params": {
            "rank": 9,
            "eps": 1.0,
            "iters": 1000
        },
        "rmse": 0.0020449520047665527,
        "mae": 0.0010318355795072645,
        "mi": 2.6037672211377005,
        "corr": 0.9999613949333969,
        "time_taken": 0.0004611015319824219
    },
    "chlorine_rmse_mae": {
        "algorithm": "cdrec",
        "metric_used_for_optimization": "rmse_mae",
        "optimization_method": "bayesian_optimization",
        "best_params": {
            "rank": 9,
            "eps": 0.48435016109122636,
            "iters": 638
        },
        "rmse": 0.0020449520047665527,
        "mae": 0.0010318355795072645,
        "mi": 2.6037672211377005,
        "corr": 0.9999613949333969,
        "time_taken": 0.0004665851593017578
    },
    "climate_corr": {
        "algorithm": "cdrec",
        "metric_used_for_optimization": "corr",
        "optimization_method": "bayesian_optimization",
        "best_params": {
            "rank": 3,
            "eps": 1.0,
            "iters": 100
        },
        "rmse": 123.67367031480906,
        "mae": 45.07603547578269,
        "mi": 1.5327489653161988,
        "corr": 0.977686853983832,
        "time_taken": 0.0003688335418701172
    },
    "climate_mae": {
        "algorithm": "cdrec",
        "metric_used_for_optimization": "mae",
        "optimization_method": "succesive_halving",
        "best_params": {
            "rank": 3,
            "eps": 1.0,
            "iters": 500
        },
        "rmse": 123.67367031480906,
        "mae": 45.07603547578269,
        "mi": 1.5327489653161988,
        "corr": 0.977686853983832,
        "time_taken": 0.0003600120544433594
    },
    "climate_mi": {
        "algorithm": "cdrec",
        "metric_used_for_optimization": "mi",
        "optimization_method": "succesive_halving",
        "best_params": {
            "rank": 3,
            "eps": 1.0,
            "iters": 700
        },
        "rmse": 123.67367031480906,
        "mae": 45.07603547578269,
        "mi": 1.5327489653161988,
        "corr": 0.977686853983832,
        "time_taken": 0.0003612041473388672
    },
    "climate_mi_corr": {
        "algorithm": "cdrec",
        "metric_used_for_optimization": "mi_corr",
        "optimization_method": "bayesian_optimization",
        "best_params": {
            "rank": 3,
            "eps": 0.004657813726545686,
            "iters": 126
        },
        "rmse": 114.71325240276919,
        "mae": 43.91240453521232,
        "mi": 1.6183248797743337,
        "corr": 0.9807614863858832,
        "time_taken": 0.000377655029296875
    },
    "climate_rmse": {
        "algorithm": "cdrec",
        "metric_used_for_optimization": "rmse",
        "optimization_method": "bayesian_optimization",
        "best_params": {
            "rank": 3,
            "eps": 1.0,
            "iters": 484
        },
        "rmse": 123.67367031480906,
        "mae": 45.07603547578269,
        "mi": 1.5327489653161988,
        "corr": 0.977686853983832,
        "time_taken": 0.0003485679626464844
    },
    "climate_rmse_mae": {
        "algorithm": "cdrec",