{
    "bafu_corr": {
        "algorithm": "cdrec",
        "metric_used_for_optimization": "corr",
        "optimization_method": "bayesian_optimization",
        "best_params": {
            "rank": 9,
            "eps": 0.9573330831503682,
            "iters": 439
        },
        "rmse": 0.005377139371144627,
        "mae": 0.0019739944073342416,
        "mi": 4.385362967251779,
        "corr": 0.9999979628609424,
        "time_taken": 0.0007188320159912109
    },
    "bafu_mae": {
        "algorithm": "cdrec",
        "metric_used_for_optimization": "mae",
        "optimization_method": "bayesian_optimization",
        "best_params": {
            "rank": 9,
            "eps": 1.0,
            "iters": 100
        },
        "rmse": 0.005377139371144627,
        "mae": 0.0019739944073342416,
        "mi": 4.385362967251779,
        "corr": 0.9999979628609424,
        "time_taken": 0.0006608963012695312
    },
    "bafu_mi": {
        "algorithm": "cdrec",
        "metric_used_for_optimization": "mi",
        "optimization_method": "bayesian_optimization",
        "best_params": {
            "rank": 9,
            "eps": 0.9999916038344492,
            "iters": 438
        },
        "rmse": 0.005377139371144627,
        "mae": 0.0019739944073342416,
        "mi": 4.385362967251779,
        "corr": 0.9999979628609424,
        "time_taken": 0.0006651878356933594
    },
    "bafu_mi_corr": {
        "algorithm": "cdrec",
        "metric_used_for_optimization": "mi_corr",
        "optimization_method": "bayesian_optimization",
        "best_params": {
            "rank": 9,
            "eps": 0.00755809935070479,
            "iters": 100
        },
        "rmse": 0.005377139371144627,
        "mae": 0.0019739944073342416,
        "mi": 4.385362967251779,
        "corr": 0.9999979628609424,
        "time_taken": 0.0006437301635742188
    },
    "bafu_rmse": {
        "algorithm": "cdrec",
        "metric_used_for_optimization": "rmse",
        "optimization_method": "bayesian_optimization",
        "best_params": {
            "rank": 9,
            "eps": 1.0,
            "iters": 100
        },
        "rmse": 0.005377139371144627,
        "mae": 0.0019739944073342416,
        "mi": 4.385362967251779,
        "corr": 0.9999979628609424,
        "time_taken": 0.00084686279296875
    },
    "bafu_rmse_mae": {
        "algorithm": "cdrec",
        "metric_used_for_optimization": "rmse_mae",
        "optimization_method": "bayesian_optimization",
        "best_params": {
            "rank": 9,
            "eps": 0.015162811201851307,
            "iters": 100
        },
        "rmse": 0.005377139371144627,
        "mae": 0.0019739944073342416,
        "mi": 4.385362967251779,
        "corr": 0.9999979628609424,
        "time_taken": 0.0006635189056396484
    },
    "chlorine_corr": {
        "algorithm": "cdrec",
        "metric_used_for_optimization": "corr",
        "optimization_method": "succesive_halving",
        "best_params": {
            "rank": 9,
            "eps": 1.0,
            "iters": 100
        },
        "rmse": 0.0021700817461561715,
        "mae": 0.0011536085724245001,
        "mi": 3.979919422548894,
        "corr": 0.9999507581526653,
        "time_taken": 0.0004949569702148438
    },
    "chlorine_mae": {
        "algorithm": "cdrec",
        "metric_used_for_optimization": "mae",
        "optimization_method": "bayesian_optimization",
        "best_params": {
            "rank": 9,
            "eps": 0.9140115605524411,
            "iters": 969
        },
        "rmse": 0.0021700817461561715,
        "mae": 0.0011536085724245001,
        "mi": 3.979919422548894,
        "corr": 0.9999507581526653,
        "time_taken": 0.00047588348388671875
    },
    "chlorine_mi": {
        "algorithm": "cdrec",
        "metric_used_for_optimization": "mi",
        "optimization_method": "bayesian_optimization",
        "best_params": {
            "rank": 2,
            "eps": 0.020873029790350318,
            "iters": 159
        },
        "rmse": 0.0752993261260395,
        "mae": 0.04591396678041131,
        "mi": 1.8954555833922337,
        "corr": 0.9385143478428873,
        "time_taken": 0.0002491474151611328
    },
    "chlorine_mi_corr": {
        "algorithm": "cdrec",
        "metric_used_for_optimization": "mi_corr",
        "optimization_method": "bayesian_optimization",
        "best_params": {
            "rank": 9,
            "eps": 0.30865453834690176,
            "iters": 472
        },
        "rmse": 0.0021700817461561715,
        "mae": 0.0011536085724245001,
        "mi": 3.979919422548894,
        "corr": 0.9999507581526653,
        "time_taken": 0.0005109310150146484
    },
    "chlorine_rmse": {
        "algorithm": "cdrec",
        "metric_used_for_optimization": "rmse",
        "optimization_method": "bayesian_optimization",
        "best_params": {
            "rank": 9,
            "eps": 1.0,
            "iters": 1000
        },
        "rmse": 0.0021700817461561715,
        "mae": 0.0011536085724245001,
        "mi": 3.979919422548894,
        "corr": 0.9999507581526653,
        "time_taken": 0.00047016143798828125
    },
    "chlorine_rmse_mae": {
        "algorithm": "cdrec",
        "metric_used_for_optimization": "rmse_mae",
        "optimization_method": "bayesian_optimization",
        "best_params": {
            "rank": 9,
            "eps": 0.48435016109122636,
            "iters": 638
        },
        "rmse": 0.0021700817461561715,
        "mae": 0.0011536085724245001,
        "mi": 3.979919422548894,
        "corr": 0.9999507581526653,
        "time_taken": 0.0005280971527099609
    },
    "climate_corr": {
        "algorithm": "cdrec",
        "metric_used_for_optimization": "corr",
        "optimization_method": "bayesian_optimization",
        "best_params": {
            "rank": 3,
            "eps": 1.0,
            "iters": 100
        },
        "rmse": 83.59493187572487,
        "mae": 40.73428692919109,
        "mi": 1.6090406619093263,
        "corr": 0.9886662690671194,
        "time_taken": 0.00043702125549316406
    },
    "climate_mae": {
        "algorithm": "cdrec",
        "metric_used_for_optimization": "mae",
        "optimization_method": "succesive_halving",
        "best_params": {
            "rank": 3,
            "eps": 1.0,
            "iters": 500
        },
        "rmse": 83.59493187572487,
        "mae": 40.73428692919109,
        "mi": 1.6090406619093263,
        "corr": 0.9886662690671194,
        "time_taken": 0.0003795623779296875
    },
    "climate_mi": {
        "algorithm": "cdrec",
        "metric_used_for_optimization": "mi",
        "optimization_method": "succesive_halving",
        "best_params": {
            "rank": 3,
            "eps": 1.0,
            "iters": 700
        },
        "rmse": 83.59493187572487,
        "mae": 40.73428692919109,
        "mi": 1.6090406619093263,
        "corr": 0.9886662690671194,
        "time_taken": 0.0003521442413330078
    },
    "climate_mi_corr": {
        "algorithm": "cdrec",
        "metric_used_for_optimization": "mi_corr",
        "optimization_method": "bayesian_optimization",
        "best_params": {
            "rank": 3,
            "eps": 0.004657813726545686,
            "iters": 126
        },
        "rmse": 83.59493187572487,
        "mae": 40.73428692919109,
        "mi": 1.6090406619093263,
        "corr": 0.9886662690671194,
        "time_taken": 0.0003437995910644531
    },
    "climate_rmse": {
        "algorithm": "cdrec",
        "metric_used_for_optimization": "rmse",
        "optimization_method": "bayesian_optimization",
        "best_params": {
            "rank": 3,
            "eps": 1.0,
            "iters": 484
        },
        "rmse": 83.59493187572487,
        "mae": 40.73428692919109,
        "mi": 1.6090406619093263,
        "corr": 0.9886662690671194,
        "time_taken": 0.00038743019104003906
    },
    "climate_rmse_mae": {
        "algorithm": "cdrec",