{
    "bafu_corr": {
        "algorithm": "cdrec",
        "metric_used_for_optimization": "corr",
        "optimization_method": "bayesian_optimization",
        "best_params": {
            "rank": 9,
            "eps": 0.9573330831503682,
            "iters": 439
        },
        "rmse": 0.007711914753343776,
        "mae": 0.002559264280900072,
        "mi": 5.436935775749658,
        "corr": 0.9999960572341189,
        "time_taken": 0.0007579326629638672
    },
    "bafu_mae": {
        "algorithm": "cdrec",
        "metric_used_for_optimization": "mae",
        "optimization_method": "bayesian_optimization",
        "best_params": {
            "rank": 9,
            "eps": 1.0,
            "iters": 100
        },
        "rmse": 0.007711914753343776,
        "mae": 0.002559264280900072,
        "mi": 5.436935775749658,
        "corr": 0.9999960572341189,
        "time_taken": 0.0007445812225341797
    },
    "bafu_mi": {
        "algorithm": "cdrec",
        "metric_used_for_optimization": "mi",
        "optimization_method": "bayesian_optimization",
        "best_params": {
            "rank": 9,
            "eps": 0.9999916038344492,
            "iters": 438
        },
        "rmse": 0.007711914753343776,
        "mae": 0.002559264280900072,
        "mi": 5.436935775749658,
        "corr": 0.9999960572341189,
        "time_taken": 0.000743865966796875
    },
    "bafu_mi_corr": {
        "algorithm": "cdrec",
        "metric_used_for_optimization": "mi_corr",
        "optimization_method": "bayesian_optimization",
        "best_params": {
            "rank": 9,
            "eps": 0.00755809935070479,
            "iters": 100
        },
        "rmse": 0.007711914753343776,
        "mae": 0.002559264280900072,
        "mi": 5.436935775749658,
        "corr": 0.9999960572341189,
        "time_taken": 0.0007128715515136719
    },
    "bafu_rmse": {
        "algorithm": "cdrec",
        "metric_used_for_optimization": "rmse",
        "optimization_method": "bayesian_optimization",
        "best_params": {
            "rank": 9,
            "eps": 1.0,
            "iters": 100
        },
        "rmse": 0.007711914753343776,
        "mae": 0.002559264280900072,
        "mi": 5.436935775749658,
        "corr": 0.9999960572341189,
        "time_taken": 0.000743865966796875
    },
    "bafu_rmse_mae": {
        "algorithm": "cdrec",
        "metric_used_for_optimization": "rmse_mae",
        "optimization_method": "bayesian_optimization",
        "best_params": {
            "rank": 9,
            "eps": 0.015162811201851307,
            "iters": 100
        },
        "rmse": 0.007711914753343776,
        "mae": 0.002559264280900072,
        "mi": 5.436935775749658,
        "corr": 0.9999960572341189,
        "time_taken": 0.0007264614105224609
    },
    "chlorine_corr": {
        "algorithm": "cdrec",
        "metric_used_for_optimization": "corr",
        "optimization_method": "succesive_halving",
        "best_params": {
            "rank": 9,
            "eps": 1.0,
            "iters": 100
        },
        "rmse": 0.002553882862812765,
        "mae": 0.0014488658184379445,
        "mi": 4.855491228475463,
        "corr": 0.9999426912342242,
        "time_taken": 0.0005726814270019531
    },
    "chlorine_mae": {
        "algorithm": "cdrec",
        "metric_used_for_optimization": "mae",
        "optimization_method": "bayesian_optimization",
        "best_params": {
            "rank": 9,
            "eps": 0.9140115605524411,
            "iters": 969
        },
        "rmse": 0.002553882862812765,
        "mae": 0.0014488658184379445,
        "mi": 4.855491228475463,
        "corr": 0.9999426912342242,
        "time_taken": 0.0005860328674316406
    },
    "chlorine_mi": {
        "algorithm": "cdrec",
        "metric_used_for_optimization": "mi",
        "optimization_method": "bayesian_optimization",
        "best_params": {
            "rank": 2,
            "eps": 0.020873029790350318,
            "iters": 159
        },
        "rmse": 0.06842518454961938,
        "mae": 0.04225110055077232,
        "mi": 2.1372802939093654,
        "corr": 0.9564848491239325,
        "time_taken": 0.0002932548522949219
    },
    "chlorine_mi_corr": {
        "algorithm": "cdrec",
        "metric_used_for_optimization": "mi_corr",
        "optimization_method": "bayesian_optimization",
        "best_params": {
            "rank": 9,
            "eps": 0.30865453834690176,
            "iters": 472
        },
        "rmse": 0.002553882862812765,
        "mae": 0.0014488658184379445,
        "mi": 4.855491228475463,
        "corr": 0.9999426912342242,
        "time_taken": 0.0005617141723632812
    },
    "chlorine_rmse": {
        "algorithm": "cdrec",
        "metric_used_for_optimization": "rmse",
        "optimization_method": "bayesian_optimization",
        "best_params": {
            "rank": 9,
            "eps": 1.0,
            "iters": 1000
        },
        "rmse": 0.002553882862812765,
        "mae": 0.0014488658184379445,
        "mi": 4.855491228475463,
        "corr": 0.9999426912342242,
        "time_taken": 0.0005280971527099609
    },
    "chlorine_rmse_mae": {
        "algorithm": "cdrec",
        "metric_used_for_optimization": "rmse_mae",
        "optimization_method": "bayesian_optimization",
        "best_params": {
            "rank": 9,
            "eps": 0.48435016109122636,
            "iters": 638
        },
        "rmse": 0.002553882862812765,
        "mae": 0.0014488658184379445,
        "mi": 4.855491228475463,
        "corr": 0.9999426912342242,
        "time_taken": 0.0005817413330078125
    },
    "climate_corr": {
        "algorithm": "cdrec",
        "metric_used_for_optimization": "corr",
        "optimization_method": "bayesian_optimization",
        "best_params": {
            "rank": 3,
            "eps": 1.0,
            "iters": 100
        },
        "rmse": 152.37187232742843,
        "mae": 64.49225169997833,
        "mi": 1.387262521575754,
        "corr": 0.9549603485674995,
        "time_taken": 0.0004909038543701172
    },
    "climate_mae": {
        "algorithm": "cdrec",
        "metric_used_for_optimization": "mae",
        "optimization_method": "succesive_halving",
        "best_params": {
            "rank": 3,
            "eps": 1.0,
            "iters": 500
        },
        "rmse": 152.37187232742843,
        "mae": 64.49225169997833,
        "mi": 1.387262521575754,
        "corr": 0.9549603485674995,
        "time_taken": 0.0006086826324462891
    },
    "climate_mi": {
        "algorithm": "cdrec",
        "metric_used_for_optimization": "mi",
        "optimization_method": "succesive_halving",
        "best_params": {
            "rank": 3,
            "eps": 1.0,
            "iters": 700
        },
        "rmse": 152.37187232742843,
        "mae": 64.49225169997833,
        "mi": 1.387262521575754,
        "corr": 0.9549603485674995,
        "time_taken": 0.00045418739318847656
    },
    "climate_mi_corr": {
        "algorithm": "cdrec",
        "metric_used_for_optimization": "mi_corr",
        "optimization_method": "bayesian_optimization",
        "best_params": {
            "rank": 3,
            "eps": 0.004657813726545686,
            "iters": 126
        },
        "rmse": 152.37187232742843,
        "mae": 64.49225169997833,
        "mi": 1.387262521575754,
        "corr": 0.9549603485674995,
        "time_taken": 0.0005421638488769531
    },
    "climate_rmse": {
        "algorithm": "cdrec",
        "metric_used_for_optimization": "rmse",
        "optimization_method": "bayesian_optimization",
        "best_params": {
            "rank": 3,
            "eps": 1.0,
            "iters": 484
        },
        "rmse": 152.37187232742843,
        "mae": 64.49225169997833,
        "mi": 1.387262521575754,
        "corr": 0.9549603485674995,
        "time_taken": 0.0004723072052001953
    },
    "climate_rmse_mae": {
        "algorithm": "cdrec",