{
    "bafu_corr": {
        "algorithm": "cdrec",
        "metric_used_for_optimization": "corr",
        "optimization_method": "bayesian_optimization",
        "best_params": {
            "rank": 9,
            "eps": 0.9573330831503682,
            "iters": 439
        },
        "rmse": 0.007127616951073287,
        "mae": 0.0023217398944194675,
        "mi": 5.219338158175808,
        "corr": 0.9999966610132144,
        "time_taken": 0.0006947517395019531
    },
    "bafu_mae": {
        "algorithm": "cdrec",
        "metric_used_for_optimization": "mae",
        "optimization_method": "bayesian_optimization",
        "best_params": {
            "rank": 9,
            "eps": 1.0,
            "iters": 100
        },
        "rmse": 0.007127616951073287,
        "mae": 0.0023217398944194675,
        "mi": 5.219338158175808,
        "corr": 0.9999966610132144,
        "time_taken": 0.0007348060607910156
    },
    "bafu_mi": {
        "algorithm": "cdrec",
        "metric_used_for_optimization": "mi",
        "optimization_method": "bayesian_optimization",
        "best_params": {
            "rank": 9,
            "eps": 0.9999916038344492,
            "iters": 438
        },
        "rmse": 0.007127616951073287,
        "mae": 0.0023217398944194675,
        "mi": 5.219338158175808,
        "corr": 0.9999966610132144,
        "time_taken": 0.0006740093231201172
    },
    "bafu_mi_corr": {
        "algorithm": "cdrec",
        "metric_used_for_optimization": "mi_corr",
        "optimization_method": "bayesian_optimization",
        "best_params": {
            "rank": 9,
            "eps": 0.00755809935070479,
            "iters": 100
        },
        "rmse": 0.007127616951073287,
        "mae": 0.0023217398944194675,
        "mi": 5.219338158175808,
        "corr": 0.9999966610132144,
        "time_taken": 0.0006716251373291016
    },
    "bafu_rmse": {
        "algorithm": "cdrec",
        "metric_used_for_optimization": "rmse",
        "optimization_method": "bayesian_optimization",
        "best_params": {
            "rank": 9,
            "eps": 1.0,
            "iters": 100
        },
        "rmse": 0.007127616951073287,
        "mae": 0.0023217398944194675,
        "mi": 5.219338158175808,
        "corr": 0.9999966610132144,
        "time_taken": 0.0007944107055664062
    },
    "bafu_rmse_mae": {
        "algorithm": "cdrec",
        "metric_used_for_optimization": "rmse_mae",
        "optimization_method": "bayesian_optimization",
        "best_params": {
            "rank": 9,
            "eps": 0.015162811201851307,
            "iters": 100
        },
        "rmse": 0.007127616951073287,
        "mae": 0.0023217398944194675,
        "mi": 5.219338158175808,
        "corr": 0.9999966610132144,
        "time_taken": 0.0006895065307617188
    },
    "chlorine_corr": {
        "algorithm": "cdrec",
        "metric_used_for_optimization": "corr",
        "optimization_method": "succesive_halving",
        "best_params": {
            "rank": 9,
            "eps": 1.0,
            "iters": 100
        },
        "rmse": 0.00251622298191583,
        "mae": 0.0013173603378820319,
        "mi": 4.718630048871536,
        "corr": 0.9999424394680837,
        "time_taken": 0.0016944408416748047
    },
    "chlorine_mae": {
        "algorithm": "cdrec",
        "metric_used_for_optimization": "mae",
        "optimization_method": "bayesian_optimization",
        "best_params": {
            "rank": 9,
            "eps": 0.9140115605524411,
            "iters": 969
        },
        "rmse": 0.00251622298191583,
        "mae": 0.0013173603378820319,
        "mi": 4.718630048871536,
        "corr": 0.9999424394680837,
        "time_taken": 0.0005571842193603516
    },
    "chlorine_mi": {
        "algorithm": "cdrec",
        "metric_used_for_optimization": "mi",
        "optimization_method": "bayesian_optimization",
        "best_params": {
            "rank": 2,
            "eps": 0.020873029790350318,
            "iters": 159
        },
        "rmse": 0.07113346240402321,
        "mae": 0.04365315025504576,
        "mi": 2.046918734677298,
        "corr": 0.9524391097200127,
        "time_taken": 0.000274658203125
    },
    "chlorine_mi_corr": {
        "algorithm": "cdrec",
        "metric_used_for_optimization": "mi_corr",
        "optimization_method": "bayesian_optimization",
        "best_params": {
            "rank": 9,
            "eps": 0.30865453834690176,
            "iters": 472
        },
        "rmse": 0.00251622298191583,
        "mae": 0.0013173603378820319,
        "mi": 4.718630048871536,
        "corr": 0.9999424394680837,
        "time_taken": 0.0004940032958984375
    },
    "chlorine_rmse": {
        "algorithm": "cdrec",
        "metric_used_for_optimization": "rmse",
        "optimization_method": "bayesian_optimization",
        "best_params": {
            "rank": 9,
            "eps": 1.0,
            "iters": 1000
        },
        "rmse": 0.00251622298191583,
        "mae": 0.0013173603378820319,
        "mi": 4.718630048871536,
        "corr": 0.9999424394680837,
        "time_taken": 0.0004620552062988281
    },
    "chlorine_rmse_mae": {
        "algorithm": "cdrec",
        "metric_used_for_optimization": "rmse_mae",
        "optimization_method": "bayesian_optimization",
        "best_params": {
            "rank": 9,
            "eps": 0.48435016109122636,
            "iters": 638
        },
        "rmse": 0.00251622298191583,
        "mae": 0.0013173603378820319,
        "mi": 4.718630048871536,
        "corr": 0.9999424394680837,
        "time_taken": 0.0005185604095458984
    },
    "climate_corr": {
        "algorithm": "cdrec",
        "metric_used_for_optimization": "corr",
        "optimization_method": "bayesian_optimization",
        "best_params": {
            "rank": 3,
            "eps": 1.0,
            "iters": 100
        },
        "rmse": 106.93425893640469,
        "mae": 50.35799529028677,
        "mi": 1.5204845547167416,
        "corr": 0.9792441061705917,
        "time_taken": 0.0004951953887939453
    },
    "climate_mae": {
        "algorithm": "cdrec",
        "metric_used_for_optimization": "mae",
        "optimization_method": "succesive_halving",
        "best_params": {
            "rank": 3,
            "eps": 1.0,
            "iters": 500
        },
        "rmse": 106.93425893640469,
        "mae": 50.35799529028677,
        "mi": 1.5204845547167416,
        "corr": 0.9792441061705917,
        "time_taken": 0.0004105567932128906
    },
    "climate_mi": {
        "algorithm": "cdrec",
        "metric_used_for_optimization": "mi",
        "optimization_method": "succesive_halving",
        "best_params": {
            "rank": 3,
            "eps": 1.0,
            "iters": 700
        },
        "rmse": 106.93425893640469,
        "mae": 50.35799529028677,
        "mi": 1.5204845547167416,
        "corr": 0.9792441061705917,
        "time_taken": 0.0003986358642578125
    },
    "climate_mi_corr": {
        "algorithm": "cdrec",
        "metric_used_for_optimization": "mi_corr",
        "optimization_method": "bayesian_optimization",
        "best_params": {
            "rank": 3,
            "eps": 0.004657813726545686,
            "iters": 126
        },
        "rmse": 106.93425893640469,
        "mae": 50.35799529028677,
        "mi": 1.5204845547167416,
        "corr": 0.9792441061705917,
        "time_taken": 0.0003693103790283203
    },
    "climate_rmse": {
        "algorithm": "cdrec",
        "metric_used_for_optimization": "rmse",
        "optimization_method": "bayesian_optimization",
        "best_params": {
            "rank": 3,
            "eps": 1.0,
            "iters": 484
        },
        "rmse": 106.93425893640469,
        "mae": 50.35799529028677,
        "mi": 1.5204845547167416,
        "corr": 0.9792441061705917,
        "time_taken": 0.00038695335388183594
    },
    "climate_rmse_mae": {
        "algorithm": "cdrec",