{
    "bafu": {
        "algorithm": "cdrec",
        "metric_used_for_optimization": "N/A",
        "optimization_method": "N/A",
        "best_params": {
            "rank": 0,
            "eps": 1e-06,
            "iters": 100
        },
        "rmse": 0.12717500052651043,
        "mae": 0.08467778728110738,
        "mi": 3.242154887101347,
        "corr": 0.9989213006471611,
        "time_taken": 0.002385854721069336
    },
    "chlorine": {
        "algorithm": "cdrec",
        "metric_used_for_optimization": "N/A",
        "optimization_method": "N/A",
        "best_params": {
            "rank": 0,
            "eps": 1e-06,
            "iters": 100
        },
        "rmse": 0.11973840815410929,
        "mae": 0.08581543337891391,
        "mi": 1.4878398882591766,
        "corr": 0.8528675816869111,
        "time_taken": 0.0011811256408691406
    },
    "climate": {
        "algorithm": "cdrec",
        "metric_used_for_optimization": "N/A",
        "optimization_method": "N/A",
        "best_params": {
            "rank": 0,
            "eps": 1e-06,
            "iters": 100
        },
        "rmse": 228.17193490703013,
        "mae": 135.34034285473808,
        "mi": 1.1068346473226196,
        "corr": 0.9023342880978974,
        "time_taken": 0.005011320114135742
    },
    "drift": {
        "algorithm": "cdrec",
        "metric_used_for_optimization": "N/A",
        "optimization_method": "N/A",
        "best_params": {
            "rank": 0,
            "eps": 1e-06,
            "iters": 100
        },
        "rmse": 2902.686030500406,
        "mae": 749.1294403413541,
        "mi": 2.5480264665996284,
        "corr": 0.9862212426313406,
        "time_taken": 0.0028061866760253906
    },
    "meteo": {
        "algorithm": "cdrec",
        "metric_used_for_optimization": "N/A",
        "optimization_method": "N/A",
        "best_params": {
            "rank": 0,
            "eps": 1e-06,
            "iters": 100
        },
        "rmse": 17.616611354917723,
        "mae": 11.63415608486482,
        "mi": 1.2090544787938091,
        "corr": 0.736648201842318,
        "time_taken": 0.0018177032470703125
    }
}