{
    "bafu_corr": {
        "algorithm": "cdrec",
        "metric_used_for_optimization": "corr",
        "optimization_method": "bayesian_optimization",
        "best_params": {
            "rank": 9,
            "eps": 0.9573330831503682,
            "iters": 439
        },
        "rmse": 0.016217001580911546,
        "mae": 0.005557044527345757,
        "mi": 5.170748246445444,
        "corr": 0.9999825869553908,
        "time_taken": 0.0006814002990722656
    },
    "bafu_mae": {
        "algorithm": "cdrec",
        "metric_used_for_optimization": "mae",
        "optimization_method": "bayesian_optimization",
        "best_params": {
            "rank": 9,
            "eps": 1.0,
            "iters": 100
        },
        "rmse": 0.016217001580911546,
        "mae": 0.005557044527345757,
        "mi": 5.170748246445444,
        "corr": 0.9999825869553908,
        "time_taken": 0.0008111000061035156
    },
    "bafu_mi": {
        "algorithm": "cdrec",
        "metric_used_for_optimization": "mi",
        "optimization_method": "bayesian_optimization",
        "best_params": {
            "rank": 9,
            "eps": 0.9999916038344492,
            "iters": 438
        },
        "rmse": 0.016217001580911546,
        "mae": 0.005557044527345757,
        "mi": 5.170748246445444,
        "corr": 0.9999825869553908,
        "time_taken": 0.0006427764892578125
    },
    "bafu_mi_corr": {
        "algorithm": "cdrec",
        "metric_used_for_optimization": "mi_corr",
        "optimization_method": "bayesian_optimization",
        "best_params": {
            "rank": 9,
            "eps": 0.00755809935070479,
            "iters": 100
        },
        "rmse": 0.016217001580911546,
        "mae": 0.005557044527345757,
        "mi": 5.170748246445444,
        "corr": 0.9999825869553908,
        "time_taken": 0.0006222724914550781
    },
    "bafu_rmse": {
        "algorithm": "cdrec",
        "metric_used_for_optimization": "rmse",
        "optimization_method": "bayesian_optimization",
        "best_params": {
            "rank": 9,
            "eps": 1.0,
            "iters": 100
        },
        "rmse": 0.016217001580911546,
        "mae": 0.005557044527345757,
        "mi": 5.170748246445444,
        "corr": 0.9999825869553908,
        "time_taken": 0.0006430149078369141
    },
    "bafu_rmse_mae": {
        "algorithm": "cdrec",
        "metric_used_for_optimization": "rmse_mae",
        "optimization_method": "bayesian_optimization",
        "best_params": {
            "rank": 9,
            "eps": 0.015162811201851307,
            "iters": 100
        },
        "rmse": 0.016217001580911546,
        "mae": 0.005557044527345757,
        "mi": 5.170748246445444,
        "corr": 0.9999825869553908,
        "time_taken": 0.0006492137908935547
    },
    "chlorine_corr": {
        "algorithm": "cdrec",
        "metric_used_for_optimization": "corr",
        "optimization_method": "succesive_halving",
        "best_params": {
            "rank": 9,
            "eps": 1.0,
            "iters": 100
        },
        "rmse": 0.0274780580792664,
        "mae": 0.012449090345846106,
        "mi": 3.084552940865166,
        "corr": 0.9934239048888741,
        "time_taken": 0.0007274150848388672
    },
    "chlorine_mae": {
        "algorithm": "cdrec",
        "metric_used_for_optimization": "mae",
        "optimization_method": "bayesian_optimization",
        "best_params": {
            "rank": 9,
            "eps": 0.9140115605524411,
            "iters": 969
        },
        "rmse": 0.0274780580792664,
        "mae": 0.012449090345846106,
        "mi": 3.084552940865166,
        "corr": 0.9934239048888741,
        "time_taken": 0.0005631446838378906
    },
    "chlorine_mi": {
        "algorithm": "cdrec",
        "metric_used_for_optimization": "mi",
        "optimization_method": "bayesian_optimization",
        "best_params": {
            "rank": 2,
            "eps": 0.020873029790350318,
            "iters": 159
        },
        "rmse": 0.06977450691876769,
        "mae": 0.04242788562076006,
        "mi": 2.0003085618249994,
        "corr": 0.9553741587782668,
        "time_taken": 0.00027823448181152344
    },
    "chlorine_mi_corr": {
        "algorithm": "cdrec",
        "metric_used_for_optimization": "mi_corr",
        "optimization_method": "bayesian_optimization",
        "best_params": {
            "rank": 9,
            "eps": 0.30865453834690176,
            "iters": 472
        },
        "rmse": 0.0274780580792664,
        "mae": 0.012449090345846106,
        "mi": 3.084552940865166,
        "corr": 0.9934239048888741,
        "time_taken": 0.0005583763122558594
    },
    "chlorine_rmse": {
        "algorithm": "cdrec",
        "metric_used_for_optimization": "rmse",
        "optimization_method": "bayesian_optimization",
        "best_params": {
            "rank": 9,
            "eps": 1.0,
            "iters": 1000
        },
        "rmse": 0.0274780580792664,
        "mae": 0.012449090345846106,
        "mi": 3.084552940865166,
        "corr": 0.9934239048888741,
        "time_taken": 0.0005307197570800781
    },
    "chlorine_rmse_mae": {
        "algorithm": "cdrec",
        "metric_used_for_optimization": "rmse_mae",
        "optimization_method": "bayesian_optimization",
        "best_params": {
            "rank": 9,
            "eps": 0.48435016109122636,
            "iters": 638
        },
        "rmse": 0.0274780580792664,
        "mae": 0.012449090345846106,
        "mi": 3.084552940865166,
        "corr": 0.9934239048888741,
        "time_taken": 0.0005631446838378906
    },
    "climate_corr": {
        "algorithm": "cdrec",
        "metric_used_for_optimization": "corr",
        "optimization_method": "bayesian_optimization",
        "best_params": {
            "rank": 3,
            "eps": 1.0,
            "iters": 100
        },
        "rmse": 246.26188095358225,
        "mae": 108.4365932274492,
        "mi": 1.2031606819107825,
        "corr": 0.8818247360501539,
        "time_taken": 0.0003962516784667969
    },
    "climate_mae": {
        "algorithm": "cdrec",
        "metric_used_for_optimization": "mae",
        "optimization_method": "succesive_halving",
        "best_params": {
            "rank": 3,
            "eps": 1.0,
            "iters": 500
        },
        "rmse": 246.26188095358225,
        "mae": 108.4365932274492,
        "mi": 1.2031606819107825,
        "corr": 0.8818247360501539,
        "time_taken": 0.00041604042053222656
    },
    "climate_mi": {
        "algorithm": "cdrec",
        "metric_used_for_optimization": "mi",
        "optimization_method": "succesive_halving",
        "best_params": {
            "rank": 3,
            "eps": 1.0,
            "iters": 700
        },
        "rmse": 246.26188095358225,
        "mae": 108.4365932274492,
        "mi": 1.2031606819107825,
        "corr": 0.8818247360501539,
        "time_taken": 0.0003666877746582031
    },
    "climate_mi_corr": {
        "algorithm": "cdrec",
        "metric_used_for_optimization": "mi_corr",
        "optimization_method": "bayesian_optimization",
        "best_params": {
            "rank": 3,
            "eps": 0.004657813726545686,
            "iters": 126
        },
        "rmse": 246.26188095358225,
        "mae": 108.4365932274492,
        "mi": 1.2031606819107825,
        "corr": 0.8818247360501539,
        "time_taken": 0.0003685951232910156
    },
    "climate_rmse": {
        "algorithm": "cdrec",
        "metric_used_for_optimization": "rmse",
        "optimization_method": "bayesian_optimization",
        "best_params": {
            "rank": 3,
            "eps": 1.0,
            "iters": 484
        },
        "rmse": 246.26188095358225,
        "mae": 108.4365932274492,
        "mi": 1.2031606819107825,
        "corr": 0.8818247360501539,
        "time_taken": 0.0003609657287597656
    },
    "climate_rmse_mae": {
        "algorithm": "cdrec",