{
    "bafu_corr": {
        "algorithm": "cdrec",
        "metric_used_for_optimization": "corr",
        "optimization_method": "bayesian_optimization",
        "best_params": {
            "rank": 9,
            "eps": 0.9573330831503682,
            "iters": 439
        },
        "rmse": 0.01303328724525005,
        "mae": 0.003358458990206432,
        "mi": 6.084311367864091,
        "corr": 0.9999887922674597,
        "time_taken": 0.02165675163269043
    },
    "bafu_mae": {
        "algorithm": "cdrec",
        "metric_used_for_optimization": "mae",
        "optimization_method": "bayesian_optimization",
        "best_params": {
            "rank": 9,
            "eps": 1.0,
            "iters": 100
        },
        "rmse": 0.01303328724525005,
        "mae": 0.003358458990206432,
        "mi": 6.084311367864091,
        "corr": 0.9999887922674597,
        "time_taken": 0.032407283782958984
    },
    "bafu_mi": {
        "algorithm": "cdrec",
        "metric_used_for_optimization": "mi",
        "optimization_method": "bayesian_optimization",
        "best_params": {
            "rank": 9,
            "eps": 0.9999916038344492,
            "iters": 438
        },
        "rmse": 0.01303328724525005,
        "mae": 0.003358458990206432,
        "mi": 6.084311367864091,
        "corr": 0.9999887922674597,
        "time_taken": 0.024107933044433594
    },
    "bafu_mi_corr": {
        "algorithm": "cdrec",
        "metric_used_for_optimization": "mi_corr",
        "optimization_method": "bayesian_optimization",
        "best_params": {
            "rank": 9,
            "eps": 0.00755809935070479,
            "iters": 100
        },
        "rmse": 0.01303328724525005,
        "mae": 0.003358458990206432,
        "mi": 6.084311367864091,
        "corr": 0.9999887922674597,
        "time_taken": 0.03459739685058594
    },
    "bafu_rmse": {
        "algorithm": "cdrec",
        "metric_used_for_optimization": "rmse",
        "optimization_method": "bayesian_optimization",
        "best_params": {
            "rank": 9,
            "eps": 1.0,
            "iters": 100
        },
        "rmse": 0.01303328724525005,
        "mae": 0.003358458990206432,
        "mi": 6.084311367864091,
        "corr": 0.9999887922674597,
        "time_taken": 0.04469704627990723
    },
    "bafu_rmse_mae": {
        "algorithm": "cdrec",
        "metric_used_for_optimization": "rmse_mae",
        "optimization_method": "bayesian_optimization",
        "best_params": {
            "rank": 9,
            "eps": 0.015162811201851307,
            "iters": 100
        },
        "rmse": 0.01303328724525005,
        "mae": 0.003358458990206432,
        "mi": 6.084311367864091,
        "corr": 0.9999887922674597,
        "time_taken": 0.01782369613647461
    },
    "chlorine_corr": {
        "algorithm": "cdrec",
        "metric_used_for_optimization": "corr",
        "optimization_method": "bayesian_optimization",
        "best_params": {
            "rank": 9,
            "eps": 0.07928668168306038,
            "iters": 1000
        },
        "rmse": 0.0024348255567642916,
        "mae": 0.0012440645619612512,
        "mi": 4.397401874260015,
        "corr": 0.9999435214467016,
        "time_taken": 0.0009140968322753906
    },
    "chlorine_mae": {
        "algorithm": "cdrec",
        "metric_used_for_optimization": "mae",
        "optimization_method": "bayesian_optimization",
        "best_params": {
            "rank": 9,
            "eps": 0.9140115605524411,
            "iters": 969
        },
        "rmse": 0.0024348255567642916,
        "mae": 0.0012440645619612512,
        "mi": 4.397401874260015,
        "corr": 0.9999435214467016,
        "time_taken": 0.0005755424499511719
    },
    "chlorine_mi": {
        "algorithm": "cdrec",
        "metric_used_for_optimization": "mi",
        "optimization_method": "bayesian_optimization",
        "best_params": {
            "rank": 2,
            "eps": 0.020873029790350318,
            "iters": 159
        },
        "rmse": 0.07667827459600221,
        "mae": 0.04703122904513882,
        "mi": 1.9387615889674383,
        "corr": 0.9418178201113245,
        "time_taken": 0.0002872943878173828
    },
    "chlorine_mi_corr": {
        "algorithm": "cdrec",
        "metric_used_for_optimization": "mi_corr",
        "optimization_method": "bayesian_optimization",
        "best_params": {
            "rank": 9,
            "eps": 0.30865453834690176,
            "iters": 472
        },
        "rmse": 0.0024348255567642916,
        "mae": 0.0012440645619612512,
        "mi": 4.397401874260015,
        "corr": 0.9999435214467016,
        "time_taken": 0.0004711151123046875
    },
    "chlorine_rmse": {
        "algorithm": "cdrec",
        "metric_used_for_optimization": "rmse",
        "optimization_method": "bayesian_optimization",
        "best_params": {
            "rank": 9,
            "eps": 1.0,
            "iters": 1000
        },
        "rmse": 0.0024348255567642916,
        "mae": 0.0012440645619612512,
        "mi": 4.397401874260015,
        "corr": 0.9999435214467016,
        "time_taken": 0.0005106925964355469
    },
    "chlorine_rmse_mae": {
        "algorithm": "cdrec",
        "metric_used_for_optimization": "rmse_mae",
        "optimization_method": "bayesian_optimization",
        "best_params": {
            "rank": 9,
            "eps": 0.48435016109122636,
            "iters": 638
        },
        "rmse": 0.0024348255567642916,
        "mae": 0.0012440645619612512,
        "mi": 4.397401874260015,
        "corr": 0.9999435214467016,
        "time_taken": 0.0005068778991699219
    },
    "climate_corr": {
        "algorithm": "cdrec",
        "metric_used_for_optimization": "corr",
        "optimization_method": "bayesian_optimization",
        "best_params": {
            "rank": 3,
            "eps": 1.0,
            "iters": 100
        },
        "rmse": 92.59799444195116,
        "mae": 42.62540742470192,
        "mi": 1.6801451603643796,
        "corr": 0.9844416923884628,
        "time_taken": 0.0004634857177734375
    },
    "climate_mae": {
        "algorithm": "cdrec",
        "metric_used_for_optimization": "mae",
        "optimization_method": "bayesian_optimization",
        "best_params": {
            "rank": 9,
            "eps": 1.0,
            "iters": 100
        },
        "rmse": 124.7587916849819,
        "mae": 51.110927959791404,
        "mi": 1.71253030652035,
        "corr": 0.9715639955288684,
        "time_taken": 0.0007610321044921875
    },
    "climate_mi": {
        "algorithm": "cdrec",
        "metric_used_for_optimization": "mi",
        "optimization_method": "bayesian_optimization",
        "best_params": {
            "rank": 8,
            "eps": 0.004592420967411992,
            "iters": 549
        },
        "rmse": 124.73503415544039,
        "mae": 51.06424651480458,
        "mi": 1.6487562237428128,
        "corr": 0.9715739736183429,
        "time_taken": 0.0005891323089599609
    },
    "climate_mi_corr": {
        "algorithm": "cdrec",
        "metric_used_for_optimization": "mi_corr",
        "optimization_method": "bayesian_optimization",
        "best_params": {
            "rank": 3,
            "eps": 0.004657813726545686,
            "iters": 126
        },
        "rmse": 92.59799444195116,
        "mae": 42.62540742470192,
        "mi": 1.6801451603643796,
        "corr": 0.9844416923884628,
        "time_taken": 0.0004355907440185547
    },
    "climate_rmse": {
        "algorithm": "cdrec",
        "metric_used_for_optimization": "rmse",
        "optimization_method": "bayesian_optimization",
        "best_params": {
            "rank": 3,
            "eps": 1.0,
            "iters": 484
        },
        "rmse": 92.59799444195116,
        "mae": 42.62540742470192,
        "mi": 1.6801451603643796,
        "corr": 0.9844416923884628,
        "time_taken": 0.00045418739318847656
    },