{
    "bafu_corr": {
        "algorithm": "cdrec",
        "metric_used_for_optimization": "corr",
        "optimization_method": "bayesian_optimization",
        "best_params": {
            "rank": 9,
            "eps": 0.9573330831503682,
            "iters": 439
        },
        "rmse": 0.01303328724525005,
        "mae": 0.003358458990206432,
        "mi": 6.084311367864091,
        "corr": 0.9999887922674597,
        "time_taken": 0.029793977737426758
    },
    "bafu_mae": {
        "algorithm": "cdrec",
        "metric_used_for_optimization": "mae",
        "optimization_method": "bayesian_optimization",
        "best_params": {
            "rank": 9,
            "eps": 1.0,
            "iters": 100
        },
        "rmse": 0.01303328724525005,
        "mae": 0.003358458990206432,
        "mi": 6.084311367864091,
        "corr": 0.9999887922674597,
        "time_taken": 0.01351618766784668
    },
    "bafu_mi": {
        "algorithm": "cdrec",
        "metric_used_for_optimization": "mi",
        "optimization_method": "bayesian_optimization",
        "best_params": {
            "rank": 9,
            "eps": 0.9999916038344492,
            "iters": 438
        },
        "rmse": 0.01303328724525005,
        "mae": 0.003358458990206432,
        "mi": 6.084311367864091,
        "corr": 0.9999887922674597,
        "time_taken": 0.03573250770568848
    },
    "bafu_mi_corr": {
        "algorithm": "cdrec",
        "metric_used_for_optimization": "mi_corr",
        "optimization_method": "bayesian_optimization",
        "best_params": {
            "rank": 9,
            "eps": 0.00755809935070479,
            "iters": 100
        },
        "rmse": 0.01303328724525005,
        "mae": 0.003358458990206432,
        "mi": 6.084311367864091,
        "corr": 0.9999887922674597,
        "time_taken": 0.033553361892700195
    },
    "bafu_rmse": {
        "algorithm": "cdrec",
        "metric_used_for_optimization": "rmse",
        "optimization_method": "bayesian_optimization",
        "best_params": {
            "rank": 9,
            "eps": 1.0,
            "iters": 100
        },
        "rmse": 0.01303328724525005,
        "mae": 0.003358458990206432,
        "mi": 6.084311367864091,
        "corr": 0.9999887922674597,
        "time_taken": 0.022072553634643555
    },
    "bafu_rmse_mae": {
        "algorithm": "cdrec",
        "metric_used_for_optimization": "rmse_mae",
        "optimization_method": "bayesian_optimization",
        "best_params": {
            "rank": 9,
            "eps": 0.015162811201851307,
            "iters": 100
        },
        "rmse": 0.01303328724525005,
        "mae": 0.003358458990206432,
        "mi": 6.084311367864091,
        "corr": 0.9999887922674597,
        "time_taken": 0.03793978691101074
    },
    "chlorine_corr": {
        "algorithm": "cdrec",
        "metric_used_for_optimization": "corr",
        "optimization_method": "succesive_halving",
        "best_params": {
            "rank": 9,
            "eps": 1.0,
            "iters": 100
        },
        "rmse": 0.0024348255567642916,
        "mae": 0.0012440645619612512,
        "mi": 4.397401874260015,
        "corr": 0.9999435214467016,
        "time_taken": 0.0005958080291748047
    },
    "chlorine_mae": {
        "algorithm": "cdrec",
        "metric_used_for_optimization": "mae",
        "optimization_method": "bayesian_optimization",
        "best_params": {
            "rank": 9,
            "eps": 0.9140115605524411,
            "iters": 969
        },
        "rmse": 0.0024348255567642916,
        "mae": 0.0012440645619612512,
        "mi": 4.397401874260015,
        "corr": 0.9999435214467016,
        "time_taken": 0.0006537437438964844
    },
    "chlorine_mi": {
        "algorithm": "cdrec",
        "metric_used_for_optimization": "mi",
        "optimization_method": "bayesian_optimization",
        "best_params": {
            "rank": 2,
            "eps": 0.020873029790350318,
            "iters": 159
        },
        "rmse": 0.07667827459600221,
        "mae": 0.04703122904513882,
        "mi": 1.9387615889674383,
        "corr": 0.9418178201113245,
        "time_taken": 0.0003120899200439453
    },
    "chlorine_mi_corr": {
        "algorithm": "cdrec",
        "metric_used_for_optimization": "mi_corr",
        "optimization_method": "bayesian_optimization",
        "best_params": {
            "rank": 9,
            "eps": 0.30865453834690176,
            "iters": 472
        },
        "rmse": 0.0024348255567642916,
        "mae": 0.0012440645619612512,
        "mi": 4.397401874260015,
        "corr": 0.9999435214467016,
        "time_taken": 0.0005166530609130859
    },
    "chlorine_rmse": {
        "algorithm": "cdrec",
        "metric_used_for_optimization": "rmse",
        "optimization_method": "bayesian_optimization",
        "best_params": {
            "rank": 9,
            "eps": 1.0,
            "iters": 1000
        },
        "rmse": 0.0024348255567642916,
        "mae": 0.0012440645619612512,
        "mi": 4.397401874260015,
        "corr": 0.9999435214467016,
        "time_taken": 0.0005035400390625
    },
    "chlorine_rmse_mae": {
        "algorithm": "cdrec",
        "metric_used_for_optimization": "rmse_mae",
        "optimization_method": "bayesian_optimization",
        "best_params": {
            "rank": 9,
            "eps": 0.48435016109122636,
            "iters": 638
        },
        "rmse": 0.0024348255567642916,
        "mae": 0.0012440645619612512,
        "mi": 4.397401874260015,
        "corr": 0.9999435214467016,
        "time_taken": 0.0005354881286621094
    },
    "climate_corr": {
        "algorithm": "cdrec",
        "metric_used_for_optimization": "corr",
        "optimization_method": "bayesian_optimization",
        "best_params": {
            "rank": 3,
            "eps": 1.0,
            "iters": 100
        },
        "rmse": 92.59799444195116,
        "mae": 42.62540742470192,
        "mi": 1.6801451603643796,
        "corr": 0.9844416923884628,
        "time_taken": 0.0005304813385009766
    },
    "climate_mae": {
        "algorithm": "cdrec",
        "metric_used_for_optimization": "mae",
        "optimization_method": "succesive_halving",
        "best_params": {
            "rank": 3,
            "eps": 1.0,
            "iters": 500
        },
        "rmse": 92.59799444195116,
        "mae": 42.62540742470192,
        "mi": 1.6801451603643796,
        "corr": 0.9844416923884628,
        "time_taken": 0.0005695819854736328
    },
    "climate_mi": {
        "algorithm": "cdrec",
        "metric_used_for_optimization": "mi",
        "optimization_method": "succesive_halving",
        "best_params": {
            "rank": 3,
            "eps": 1.0,
            "iters": 700
        },
        "rmse": 92.59799444195116,
        "mae": 42.62540742470192,
        "mi": 1.6801451603643796,
        "corr": 0.9844416923884628,
        "time_taken": 0.0005609989166259766
    },
    "climate_mi_corr": {
        "algorithm": "cdrec",
        "metric_used_for_optimization": "mi_corr",
        "optimization_method": "bayesian_optimization",
        "best_params": {
            "rank": 3,
            "eps": 0.004657813726545686,
            "iters": 126
        },
        "rmse": 92.59799444195116,
        "mae": 42.62540742470192,
        "mi": 1.6801451603643796,
        "corr": 0.9844416923884628,
        "time_taken": 0.0005233287811279297
    },
    "climate_rmse": {
        "algorithm": "cdrec",
        "metric_used_for_optimization": "rmse",
        "optimization_method": "bayesian_optimization",
        "best_params": {
            "rank": 3,
            "eps": 1.0,
            "iters": 484
        },
        "rmse": 92.59799444195116,
        "mae": 42.62540742470192,
        "mi": 1.6801451603643796,
        "corr": 0.9844416923884628,
        "time_taken": 0.00038623809814453125
    },
    "climate_rmse_mae": {
        "algorithm": "cdrec",