{
    "bafu_corr": {
        "algorithm": "cdrec",
        "metric_used_for_optimization": "corr",
        "optimization_method": "bayesian_optimization",
        "best_params": {
            "rank": 9,
            "eps": 0.9573330831503682,
            "iters": 439
        },
        "rmse": 0.01303328724525005,
        "mae": 0.003358458990206432,
        "mi": 6.084311367864091,
        "corr": 0.9999887922674597,
        "time_taken": 0.1152503490447998
    },
    "bafu_mae": {
        "algorithm": "cdrec",
        "metric_used_for_optimization": "mae",
        "optimization_method": "bayesian_optimization",
        "best_params": {
            "rank": 9,
            "eps": 1.0,
            "iters": 100
        },
        "rmse": 0.01303328724525005,
        "mae": 0.003358458990206432,
        "mi": 6.084311367864091,
        "corr": 0.9999887922674597,
        "time_taken": 0.09362363815307617
    },
    "bafu_mi": {
        "algorithm": "cdrec",
        "metric_used_for_optimization": "mi",
        "optimization_method": "bayesian_optimization",
        "best_params": {
            "rank": 9,
            "eps": 0.9999916038344492,
            "iters": 438
        },
        "rmse": 0.01303328724525005,
        "mae": 0.003358458990206432,
        "mi": 6.084311367864091,
        "corr": 0.9999887922674597,
        "time_taken": 0.045998334884643555
    },
    "bafu_mi_corr": {
        "algorithm": "cdrec",
        "metric_used_for_optimization": "mi_corr",
        "optimization_method": "bayesian_optimization",
        "best_params": {
            "rank": 9,
            "eps": 0.00755809935070479,
            "iters": 100
        },
        "rmse": 0.01303328724525005,
        "mae": 0.003358458990206432,
        "mi": 6.084311367864091,
        "corr": 0.9999887922674597,
        "time_taken": 0.0437779426574707
    },
    "bafu_rmse": {
        "algorithm": "cdrec",
        "metric_used_for_optimization": "rmse",
        "optimization_method": "bayesian_optimization",
        "best_params": {
            "rank": 9,
            "eps": 1.0,
            "iters": 100
        },
        "rmse": 0.01303328724525005,
        "mae": 0.003358458990206432,
        "mi": 6.084311367864091,
        "corr": 0.9999887922674597,
        "time_taken": 0.053368568420410156
    },
    "bafu_rmse_mae": {
        "algorithm": "cdrec",
        "metric_used_for_optimization": "rmse_mae",
        "optimization_method": "bayesian_optimization",
        "best_params": {
            "rank": 9,
            "eps": 0.015162811201851307,
            "iters": 100
        },
        "rmse": 0.01303328724525005,
        "mae": 0.003358458990206432,
        "mi": 6.084311367864091,
        "corr": 0.9999887922674597,
        "time_taken": 0.13677120208740234
    },
    "chlorine_corr": {
        "algorithm": "cdrec",
        "metric_used_for_optimization": "corr",
        "optimization_method": "succesive_halving",
        "best_params": {
            "rank": 9,
            "eps": 1.0,
            "iters": 100
        },
        "rmse": 0.0024348255567642916,
        "mae": 0.0012440645619612512,
        "mi": 4.397401874260015,
        "corr": 0.9999435214467016,
        "time_taken": 0.0007011890411376953
    },
    "chlorine_mae": {
        "algorithm": "cdrec",
        "metric_used_for_optimization": "mae",
        "optimization_method": "bayesian_optimization",
        "best_params": {
            "rank": 9,
            "eps": 0.9140115605524411,
            "iters": 969
        },
        "rmse": 0.0024348255567642916,
        "mae": 0.0012440645619612512,
        "mi": 4.397401874260015,
        "corr": 0.9999435214467016,
        "time_taken": 0.0006020069122314453
    },
    "chlorine_mi": {
        "algorithm": "cdrec",
        "metric_used_for_optimization": "mi",
        "optimization_method": "bayesian_optimization",
        "best_params": {
            "rank": 2,
            "eps": 0.020873029790350318,
            "iters": 159
        },
        "rmse": 0.07667827459600221,
        "mae": 0.04703122904513882,
        "mi": 1.9387615889674383,
        "corr": 0.9418178201113245,
        "time_taken": 0.0003559589385986328
    },
    "chlorine_mi_corr": {
        "algorithm": "cdrec",
        "metric_used_for_optimization": "mi_corr",
        "optimization_method": "bayesian_optimization",
        "best_params": {
            "rank": 9,
            "eps": 0.30865453834690176,
            "iters": 472
        },
        "rmse": 0.0024348255567642916,
        "mae": 0.0012440645619612512,
        "mi": 4.397401874260015,
        "corr": 0.9999435214467016,
        "time_taken": 0.0005853176116943359
    },
    "chlorine_rmse": {
        "algorithm": "cdrec",
        "metric_used_for_optimization": "rmse",
        "optimization_method": "bayesian_optimization",
        "best_params": {
            "rank": 9,
            "eps": 1.0,
            "iters": 1000
        },
        "rmse": 0.0024348255567642916,
        "mae": 0.0012440645619612512,
        "mi": 4.397401874260015,
        "corr": 0.9999435214467016,
        "time_taken": 0.0006439685821533203
    },
    "chlorine_rmse_mae": {
        "algorithm": "cdrec",
        "metric_used_for_optimization": "rmse_mae",
        "optimization_method": "bayesian_optimization",
        "best_params": {
            "rank": 9,
            "eps": 0.48435016109122636,
            "iters": 638
        },
        "rmse": 0.0024348255567642916,
        "mae": 0.0012440645619612512,
        "mi": 4.397401874260015,
        "corr": 0.9999435214467016,
        "time_taken": 0.0006434917449951172
    },
    "climate_corr": {
        "algorithm": "cdrec",
        "metric_used_for_optimization": "corr",
        "optimization_method": "bayesian_optimization",
        "best_params": {
            "rank": 3,
            "eps": 1.0,
            "iters": 100
        },
        "rmse": 92.59799444195116,
        "mae": 42.62540742470192,
        "mi": 1.6801451603643796,
        "corr": 0.9844416923884628,
        "time_taken": 0.0004947185516357422
    },
    "climate_mae": {
        "algorithm": "cdrec",
        "metric_used_for_optimization": "mae",
        "optimization_method": "succesive_halving",
        "best_params": {
            "rank": 3,
            "eps": 1.0,
            "iters": 500
        },
        "rmse": 92.59799444195116,
        "mae": 42.62540742470192,
        "mi": 1.6801451603643796,
        "corr": 0.9844416923884628,
        "time_taken": 0.00048732757568359375
    },
    "climate_mi": {
        "algorithm": "cdrec",
        "metric_used_for_optimization": "mi",
        "optimization_method": "succesive_halving",
        "best_params": {
            "rank": 3,
            "eps": 1.0,
            "iters": 700
        },
        "rmse": 92.59799444195116,
        "mae": 42.62540742470192,
        "mi": 1.6801451603643796,
        "corr": 0.9844416923884628,
        "time_taken": 0.0004937648773193359
    },
    "climate_mi_corr": {
        "algorithm": "cdrec",
        "metric_used_for_optimization": "mi_corr",
        "optimization_method": "bayesian_optimization",
        "best_params": {
            "rank": 3,
            "eps": 0.004657813726545686,
            "iters": 126
        },
        "rmse": 92.59799444195116,
        "mae": 42.62540742470192,
        "mi": 1.6801451603643796,
        "corr": 0.9844416923884628,
        "time_taken": 0.00036525726318359375
    },
    "climate_rmse": {
        "algorithm": "cdrec",
        "metric_used_for_optimization": "rmse",
        "optimization_method": "bayesian_optimization",
        "best_params": {
            "rank": 3,
            "eps": 1.0,
            "iters": 484
        },
        "rmse": 92.59799444195116,
        "mae": 42.62540742470192,
        "mi": 1.6801451603643796,
        "corr": 0.9844416923884628,
        "time_taken": 0.0005049705505371094
    },
    "climate_rmse_mae": {
        "algorithm": "cdrec",